Initial number of qubits,Final key length,Estimated error,Eavesdropping enabled,Eavesdropping rate,Alice-Bob basis selection bias,Eve basis selection bias,Raw key mismatch before error correction,Raw key mismatch after error correction,Information leakage,Overall key cost for authentication,Key length before error correction,Bit error probability,Bits leaked during error correction,Shannon bound for leakage,Security parameter
500,37,0,0,0,0.5,0,0.0798,0,206,256,263,0.0798,174,106,20
500,62,0,0,0,0.5,0.05,0.0431,0,173,256,255,0.0431,141,66,20
500,51,0,0,0,0.5,0.1,0.0764,0,204,256,275,0.0764,172,108,20
500,68,0,0,0,0.5,0.15,0.0417,0,176,256,264,0.0417,144,66,20
500,49,0,0,0,0.5,0.2,0.0625,0,187,256,256,0.0625,155,87,20
500,50,0,0,0,0.5,0.25,0.0531,0,175,256,245,0.0531,143,74,20
500,59,0,0,0,0.5,0.3,0.0418,0,160,256,239,0.0418,128,60,20
500,59,0,0,0,0.5,0.35,0.0474,0,174,256,253,0.0474,142,70,20
500,44,0,0,0,0.5,0.4,0.0769,0,196,256,260,0.0769,164,102,20
500,49,0,0,0,0.5,0.45,0.0558,0,164,256,233,0.0558,132,73,20
500,34,0,0,0,0.5,0.5,0.0679,0,167,256,221,0.0679,135,80,20
500,53,0,0,0,0.5,0.55,0.0472,0,160,256,233,0.0472,128,64,20
500,42,0,0,0,0.5,0.6,0.0615,0,182,256,244,0.0615,150,82,20
500,57,0,0,0,0.5,0.65,0.0386,0,156,256,233,0.0386,124,55,20
500,58,0,0,0,0.5,0.7,0.0484,0,170,256,248,0.0484,138,70,20
500,63,0,0,0,0.5,0.75,0.052,0,186,256,269,0.052,154,80,20
500,48,0,0,0,0.5,0.8,0.06,0,182,256,250,0.06,150,82,20
500,58,0,0,0,0.5,0.85,0.0538,0,182,256,260,0.0538,150,79,20
500,63,0,0,0,0.5,0.9,0.043,0,173,256,256,0.043,141,66,20
500,64,0,0,0,0.5,0.95,0.0382,0,178,256,262,0.0382,146,62,20
500,59,0,0,0,0.5,1,0.0385,0,155,256,234,0.0385,123,56,20
500,61,0,0,0,0.5,0,0.0402,0,168,256,249,0.0402,136,61,20
500,43,0,0,0,0.5,0.05,0.0581,0,178,256,241,0.0581,146,78,20
500,42,0,0,0,0.5,0.1,0.0769,0,198,256,260,0.0769,166,102,20
500,57,0,0,0,0.5,0.15,0.0549,0,178,256,255,0.0549,146,79,20
500,52,0,0,0,0.5,0.2,0.0494,0,171,256,243,0.0494,139,69,20
500,49,0,0,0,0.5,0.25,0.0574,0,175,256,244,0.0574,143,78,20
500,60,0,0,0,0.5,0.3,0.0332,0,161,256,241,0.0332,129,51,20
500,56,0,0,0,0.5,0.35,0.0506,0,181,256,257,0.0506,149,75,20
500,87,0,0,0,0.5,0.4,0.0186,0,162,256,269,0.0186,130,36,20
500,66,0,0,0,0.5,0.45,0.036,0,164,256,250,0.036,132,56,20
500,56,0,0,0,0.5,0.5,0.0602,0,190,256,266,0.0602,158,88,20
500,42,0,0,0,0.5,0.55,0.0714,0,190,256,252,0.0714,158,94,20
500,68,0,0,0,0.5,0.6,0.0349,0,170,256,258,0.0349,138,57,20
500,53,0,0,0,0.5,0.65,0.0437,0,156,256,229,0.0437,124,60,20
500,50,0,0,0,0.5,0.7,0.0528,0,176,256,246,0.0528,144,74,20
500,48,0,0,0,0.5,0.75,0.0549,0,169,256,237,0.0549,137,73,20
500,47,0,0,0,0.5,0.8,0.0524,0,162,256,229,0.0524,130,68,20
500,45,0,0,0,0.5,0.85,0.0677,0,201,256,266,0.0677,169,96,20
500,52,0,0,0,0.5,0.9,0.0506,0,165,256,237,0.0506,133,69,20
500,66,0,0,0,0.5,0.95,0.042,0,176,256,262,0.042,144,66,20
500,51,0,0,0,0.5,1,0.0562,0,178,256,249,0.0562,146,78,20
500,115,0,0,0,0.5,0,0.0462,2,112,256,247,0.0405,80,61,20
500,100,0,0,0,0.5,0.05,0.0418,0,108,256,228,0.0439,76,60,20
500,77,0,0,0,0.5,0.1,0.0576,0,134,256,231,0.0606,102,77,20
500,121,0,0,0,0.5,0.15,0.0461,0,127,256,268,0.0485,95,76,20
500,92,0,0,0,0.5,0.2,0.0514,0,129,256,241,0.0539,97,74,20
500,129,0,0,0,0.5,0.25,0.0391,2,95,256,244,0.0328,63,51,20
500,80,0,0,0,0.5,0.3,0.0625,0,144,256,244,0.0656,112,86,20
500,102,0,0,0,0.5,0.35,0.0471,0,121,256,243,0.0494,89,69,20
500,127,0,0,0,0.5,0.4,0.0309,0,100,256,247,0.0324,68,51,20
500,99,0,0,0,0.5,0.45,0.0381,0,106,256,225,0.04,74,55,20
500,111,0,0,0,0.5,0.5,0.0392,0,112,256,243,0.0412,80,61,20
500,62,0,0,0,0.5,0.55,0.0697,0,150,256,232,0.0733,118,88,20
500,96,0,0,0,0.5,0.6,0.053,0,135,256,251,0.0558,103,78,20
500,127,0,0,0,0.5,0.65,0.0345,0,101,256,248,0.0363,69,56,20
500,114,0,0,0,0.5,0.7,0.0443,0,124,256,258,0.0465,92,71,20
500,82,0,0,0,0.5,0.75,0.0591,0,140,256,242,0.062,108,82,20
500,79,0,0,0,0.5,0.8,0.0546,0,128,256,227,0.0573,96,72,20
500,121,0,0,0,0.5,0.85,0.0404,0,118,256,259,0.0425,86,66,20
500,105,0,0,0,0.5,0.9,0.0458,0,124,256,249,0.0482,92,70,20
500,108,0,0,0,0.5,0.95,0.0367,0,105,256,233,0.0386,73,55,20
500,110,0,0,0,0.5,1,0.0398,0,109,256,239,0.0418,77,60,20
500,101,0,0,0,0.5,0,0.054,0,144,256,265,0.0566,112,84,20
500,100,0,0,0,0.5,0.05,0.044,0,118,256,238,0.0462,86,65,20
500,94,0,0,0,0.5,0.1,0.0458,0,114,256,228,0.0482,82,64,20
500,103,0,0,0,0.5,0.15,0.0435,0,118,256,241,0.0456,86,65,20
500,129,0,0,0,0.5,0.2,0.0305,0,100,256,249,0.0321,68,52,20
500,76,0,0,0,0.5,0.25,0.0563,0,124,256,220,0.0591,92,72,20
500,104,0,0,0,0.5,0.3,0.0433,0,118,256,242,0.0455,86,65,20
500,96,0,0,0,0.5,0.35,0.0447,0,118,256,234,0.047,86,65,20
500,111,0,0,0,0.5,0.4,0.0369,0,101,256,232,0.0388,69,55,20
500,85,0,0,0,0.5,0.45,0.0577,0,142,256,247,0.0607,110,82,20
500,103,0,0,0,0.5,0.5,0.0438,0,116,256,239,0.046,84,65,20
500,105,0,0,0,0.5,0.55,0.0431,0,118,256,243,0.0453,86,65,20
500,118,0,0,0,0.5,0.6,0.0415,0,114,256,252,0.0437,82,66,20
500,77,0,0,0,0.5,0.65,0.0549,0,129,256,226,0.0575,97,72,20
500,74,0,0,0,0.5,0.7,0.0674,0,160,256,254,0.0709,128,94,20
500,63,0,0,0,0.5,0.75,0.0683,0,154,256,237,0.0717,122,89,20
500,91,0,0,0,0.5,0.8,0.0518,0,128,256,239,0.0544,96,73,20
500,102,0,0,0,0.5,0.85,0.0498,0,126,256,248,0.0524,94,74,20
500,116,0,0,0,0.5,0.9,0.0354,0,106,256,242,0.0372,74,56,20
500,81,0,0,0,0.5,0.95,0.0579,0,129,256,230,0.0609,97,77,20
500,79,0,0,0,0.5,1,0.0586,0,129,256,228,0.0614,97,76,20
500,57,0,0,0,0.5,0,0.0545,0,121,256,198,0.0606,89,66,20
500,97,0,0,0,0.5,0.05,0.0425,0,117,256,234,0.047,85,65,20
500,86,0,0,0,0.5,0.1,0.0472,0,123,256,229,0.0524,91,68,20
500,82,0,0,0,0.5,0.15,0.0455,0,116,256,218,0.0505,84,63,20
500,93,0,0,0,0.5,0.2,0.0402,0,112,256,225,0.0444,80,60,20
500,63,0,0,0,0.5,0.25,0.061,0,139,256,222,0.0676,107,80,20
500,73,0,0,0,0.5,0.3,0.0588,0,137,256,230,0.0652,105,80,20
500,90,0,0,0,0.5,0.35,0.0474,0,118,256,228,0.0526,86,68,20
500,103,0,0,0,0.5,0.4,0.0386,0,111,256,234,0.0427,79,60,20
500,71,0,0,0,0.5,0.45,0.0588,0,139,256,230,0.0652,107,80,20
500,77,0,0,0,0.5,0.5,0.0568,0,141,256,238,0.063,109,81,20
500,139,0,0,0,0.5,0.55,0.0444,6,84,256,243,0.0247,52,41,20
500,97,0,0,0,0.5,0.6,0.0474,0,130,256,247,0.0526,98,74,20
500,78,0,0,0,0.5,0.65,0.0516,0,129,256,227,0.0573,97,72,20
500,123,0,0,0,0.5,0.7,0.0304,0,94,256,237,0.0338,62,51,20
500,108,0,0,0,0.5,0.75,0.0382,0,108,256,236,0.0424,76,60,20
500,66,0,0,0,0.5,0.8,0.0595,0,141,256,227,0.0661,109,80,20
500,113,0,0,0,0.5,0.85,0.028,0,92,256,225,0.0311,60,45,20
500,105,0,0,0,0.5,0.9,0.038,0,112,256,237,0.0422,80,60,20
500,71,0,0,0,0.5,0.95,0.0542,0,125,256,216,0.0602,93,71,20
500,73,0,0,0,0.5,1,0.0535,0,126,256,219,0.0594,94,72,20
500,93,0,0,0,0.5,0,0.046,0,122,256,235,0.0511,90,69,20
500,116,0,0,0,0.5,0.05,0.0311,0,96,256,232,0.0345,64,51,20
500,69,0,0,0,0.5,0.1,0.0605,0,135,256,224,0.067,103,80,20
500,73,0,0,0,0.5,0.15,0.0506,0,121,256,214,0.0561,89,67,20
500,76,0,0,0,0.5,0.2,0.0494,0,123,256,219,0.0548,91,68,20
500,74,0,0,0,0.5,0.25,0.0584,0,138,256,232,0.0647,106,81,20
500,76,0,0,0,0.5,0.3,0.0494,0,123,256,219,0.0548,91,68,20
500,94,0,0,0,0.5,0.35,0.0308,0,91,256,205,0.0341,59,45,20
500,68,0,0,0,0.5,0.4,0.0551,0,125,256,213,0.061,93,71,20
500,89,0,0,0,0.5,0.45,0.042,0,106,256,215,0.0465,74,59,20
500,80,0,0,0,0.5,0.5,0.0462,0,115,256,215,0.0512,83,63,20
500,61,0,0,0,0.5,0.55,0.0612,0,140,256,221,0.0679,108,80,20
500,73,0,0,0.5,0.5,0.6,0.05,0,123,256,216,0.0602,91,71,20
500,57,0.1667,0,0.5,0.5,0.65,0.05,0,157,256,234,0.0641,125,81,20
500,80,0.0833,0,0.5,0.5,0.7,0.05,0,116,256,216,0.0463,84,59,20
500,91,0.0769,0,0.5,0.5,0.75,0.05,0,123,256,234,0.0513,91,69,20
500,62,0.1667,0,0.5,0.5,0.8,0.05,0,136,256,218,0.0413,104,55,20
500,15,0.25,0,0.5,0.5,0.85,0.05,0,188,256,223,0.0717,156,84,20
500,113,0,0,0.5,0.5,0.9,0.05,0,106,256,239,0.0377,74,56,20
500,106,0,0,0.5,0.5,0.95,0.05,0,104,256,230,0.0391,72,55,20
500,62,0.0714,0,0.5,0.5,1,0.05,0,153,256,235,0.0809,121,96,20
500,95,0.0769,0,0.5,0.5,0.5,0.0451,0,112,256,227,0.0396,80,55,20
500,95,0.027,0,0.5,0.5,0.05,0.0363,0,96,256,211,0.0379,64,50,20
500,77,0.0811,0,0.5,0.5,0.1,0.052,0,116,256,213,0.0469,84,59,20
500,75,0.1,0,0.5,0.5,0.15,0.0595,0,134,256,229,0.0524,102,68,20
500,48,0,0,0.5,0.5,0.25,0.0658,0,139,256,207,0.0773,107,82,20
500,69,0.1081,0,0.5,0.5,0.3,0.0605,0,122,256,211,0.0521,90,63,20
500,69,0.0286,0,0.5,0.5,0.35,0.0508,0,112,256,201,0.0547,80,62,20
500,79,0.125,0,0.5,0.5,0.4,0.0524,0,128,256,227,0.0396,96,55,20
500,91,0.0789,0,0.5,0.5,0.65,0.0465,0,109,256,220,0.0409,77,55,20
500,74,0.0833,0,0.5,0.5,0.7,0.0579,0,112,256,206,0.0534,80,62,20
500,82,0.0556,0,0.5,0.5,0.75,0.0449,0,107,256,209,0.0431,75,54,20
500,56,0.0541,0,0.5,0.5,0.8,0.0645,0,135,256,211,0.0664,103,75,20
500,85,0.0541,0,0.5,0.5,0.85,0.0442,0,107,256,212,0.0425,75,54,20
500,70,0,0,0.5,0.5,0.9,0.0462,0,113,256,203,0.0542,81,62,20
500,120,0.0263,0,0.5,0.5,0.95,0.0465,6,80,256,220,0.0227,48,35,20
500,101,0.0263,0,0.5,0.5,1,0.0352,0,97,256,218,0.0367,65,50,20
500,44,0.2105,0,0.5,0.5,0.5,0.05,0,168,256,232,0.0603,136,77,20
500,69,0.1111,0,0.5,0.5,0.05,0.05,0,127,256,216,0.0463,95,59,20
500,34,0.1667,0,0.5,0.5,0.1,0.05,0,141,256,195,0.0564,109,62,20
500,63,0.1111,0,0.5,0.5,0.15,0.05,0,127,256,210,0.0429,95,54,20
500,89,0,0,0.5,0.5,0.2,0.05,0,106,256,215,0.0419,74,54,20
500,70,0.1111,0,0.5,0.5,0.25,0.05,0,115,256,205,0.0341,83,45,20
500,41,0.1333,0,0.5,0.5,0.3,0.05,0,132,256,193,0.057,100,61,20
500,67,0.1176,0,0.5,0.5,0.35,0.05,0,118,256,205,0.039,86,49,20
500,61,0.1111,0,0.5,0.5,0.4,0.05,0,121,256,202,0.0446,89,54,20
500,64,0.0526,0,0.5,0.5,0.45,0.05,0,125,256,209,0.0622,93,71,20
500,46,0.1053,0,0.5,0.5,0.5,0.05,0,152,256,218,0.078,120,87,20
500,48,0.2105,0,0.5,0.5,0.55,0.05,0,144,256,212,0.0472,112,59,20
500,78,0.0952,0,0.5,0.5,0.6,0.05,0,121,256,219,0.0502,89,63,20
500,45,0.1053,0,0.5,0.5,0.65,0.05,0,141,256,206,0.0728,109,78,20
500,60,0.2,0,0.5,0.5,0.7,0.05,0,151,256,231,0.0346,119,51,20
500,70,0.1053,0,0.5,0.5,0.75,0.05,0,121,256,211,0.0474,89,59,20
500,96,0,0,0,0.5,0.8,0.0376,0,111,256,227,0.0441,79,60,20
500,70,0.0625,0,0.5,0.5,0.85,0.05,0,106,256,196,0.0459,74,53,20
500,50,0.1579,0,0.5,0.5,0.95,0.05,0,140,256,210,0.0571,108,67,20
500,103,0.0556,0,0.5,0.5,0.75,0.05,0,104,256,227,0.0352,72,50,20
500,77,0.1176,0,0.5,0.5,0.8,0.05,0,114,256,211,0.0284,82,40,20
500,99,0.0556,0,0.5,0.5,0.85,0.05,0,100,256,219,0.032,68,45,20
500,75,0.0588,0,0.5,0.5,0.9,0.05,0,116,256,211,0.0521,84,63,20
500,61,0.1667,0,0.5,0.5,0.95,0.05,0,135,256,216,0.0417,103,54,20
500,111,0,0,0.5,0.5,1,0.05,0,86,256,217,0.0276,54,40,20
500,83,0.0784,0,0.5,0.5,0.5,0.0502,0,105,256,208,0.0433,73,54,20
500,56,0.0204,0,0.5,0.5,0.05,0.0567,0,122,256,198,0.0657,90,70,20
500,84,0.0588,0,0.5,0.5,0.1,0.0426,0,103,256,207,0.0386,71,49,20
500,68,0.06,0,0.5,0.5,0.15,0.0551,0,116,256,204,0.0539,84,62,20
500,68,0.0851,0,0.5,0.5,0.2,0.0506,0,102,256,190,0.0421,70,48,20
500,74,0.0417,0,0.5,0.5,0.25,0.0535,2,101,256,195,0.0462,69,53,20
500,56,0.0625,0,0.5,0.5,0.3,0.062,0,118,256,194,0.0619,86,65,20
500,80,0,0,0.5,0.5,0.35,0.0294,0,91,256,191,0.0366,59,44,20
500,50,0.0625,0,0.5,0.5,0.4,0.0664,0,123,256,193,0.0674,91,69,20
500,58,0,0,0.5,0.5,0.45,0.0431,0,108,256,186,0.0538,76,57,20
500,95,0.0189,0,0.5,0.5,0.5,0.0373,0,100,256,215,0.0419,68,54,20
500,72,0.0204,0,0.5,0.5,0.55,0.0449,0,104,256,196,0.051,72,57,20
500,96,0.0377,0,0.5,0.5,0.6,0.0412,0,98,256,214,0.0421,66,54,20
500,83,0.0392,0,0.5,0.5,0.65,0.0502,0,105,256,208,0.0529,73,63,20
500,69,0.0213,0,0.5,0.5,0.7,0.0426,0,99,256,188,0.0479,67,53,20
500,93,0.0566,0,0.5,0.5,0.75,0.041,0,102,256,215,0.0372,70,50,20
500,70,0.0566,0,0.5,0.5,0.8,0.0599,0,124,256,214,0.0607,92,71,20
500,70,0.0588,0,0.5,0.5,1,0.0545,0,116,256,206,0.0534,84,62,20
500,70,0.1111,0,0.5,0.5,0.05,0.05,0,118,256,208,0.0481,86,58,20
500,53,0.125,0,0.5,0.5,0.1,0.05,0,129,256,202,0.0545,97,62,20
500,59,0.1304,0,0.5,0.5,0.15,0.05,0,126,256,205,0.0488,94,58,20
500,39,0.16,0,0.5,0.5,0.2,0.05,0,123,256,182,0.0385,91,43,20
500,54,0.1304,0,0.5,0.5,0.25,0.05,0,126,256,200,0.05,94,58,20
500,85,0.04,0,0.5,0.5,0.35,0.05,0,88,256,193,0.0363,56,44,20
500,72,0.0455,0,0.5,0.5,0.45,0.05,0,112,256,204,0.0539,80,62,20
500,64,0.1111,0,0.5,0.5,0.5,0.05,0,133,256,217,0.0553,101,67,20
500,94,0.0476,0,0.5,0.5,0.55,0.05,0,76,256,190,0.0211,44,28,20
500,67,0.0417,0,0.5,0.5,0.6,0.05,0,113,256,200,0.06,81,66,20
500,81,0.0385,0,0.5,0.5,0.65,0.05,0,104,256,205,0.0488,72,58,20
500,61,0.08,0,0.5,0.5,0.7,0.05,0,122,256,203,0.0591,90,66,20
500,40,0.1538,0,0.5,0.5,0.8,0.05,0,134,256,194,0.0464,102,53,20
500,50,0.1538,0,0.5,0.5,0.85,0.05,0,140,256,210,0.0619,108,71,20
500,72,0.0833,0,0.5,0.5,0.9,0.05,0,105,256,197,0.0457,73,53,20
500,52,0.1304,0,0.5,0.5,0.95,0.05,0,119,256,191,0.0419,87,48,20
500,86,0.0769,0,0.5,0.5,1,0.05,0,94,256,200,0.03,62,39,20
500,62,0.0328,0,0.5,0.5,0.5,0.0451,0,101,256,183,0.0492,69,52,20
500,59,0.0333,0,0.5,0.5,0.05,0.05,0,101,256,180,0.0556,69,56,20
500,60,0,0,0.5,0.5,1,0.05,0,115,256,195,0.0564,83,62,20
500,79,0.0635,0,0.5,0.5,0.5,0.0397,0,90,256,189,0.0317,58,39,20
500,52,0.0339,0,0.5,0.5,0.2,0.0502,0,108,256,180,0.0556,76,56,20
500,81,0.0299,0,0.5,0.5,0.25,0.041,0,100,256,201,0.0448,68,54,20
500,95,0.0317,0,0.5,0.5,0.3,0.0236,0,76,256,191,0.0209,44,29,20
500,100,0.0294,0,0.5,0.5,0.35,0.0292,0,86,256,206,0.0291,54,40,20
500,78,0.0492,0,0.5,0.5,0.4,0.0405,0,88,256,186,0.0376,56,44,20
500,64,0.0492,0,0.5,0.5,0.45,0.0531,0,100,256,184,0.0543,68,57,20
500,56,0.0667,0,0.5,0.5,0.5,0.0539,0,105,256,181,0.0497,73,52,20
500,61,0.0938,0,0.5,0.5,0.55,0.0618,0,114,256,195,0.0513,82,57,20
500,75,0.0154,0,0.5,0.5,0.6,0.0423,0,100,256,195,0.0513,68,57,20
500,84,0.0167,0,0.5,0.5,0.65,0.0288,0,79,256,183,0.0328,47,39,20
500,57,0.0656,0,0.5,0.5,0.7,0.0567,0,109,256,186,0.0538,77,57,20
500,54,0.0656,0,0.5,0.5,0.75,0.0574,0,109,256,183,0.0546,77,56,20
500,67,0.0615,0,0.5,0.5,0.8,0.0538,0,108,256,195,0.0513,76,57,20
500,55,0.0328,0,0.5,0.5,0.85,0.0531,0,109,256,184,0.0598,77,61,20
500,74,0.0317,0,0.5,0.5,0.95,0.0397,0,95,256,189,0.0423,63,48,20
500,84,0.0469,0,0.5,0.5,1,0.0388,0,90,256,194,0.0361,58,44,20
500,47,0.1563,0,0.5,0.5,0.5,0.05,0,110,256,177,0.0395,78,43,20
500,42,0.1034,0,0.5,0.5,0.1,0.05,0,121,256,183,0.071,89,68,20
500,28,0.1667,0,0.5,0.5,0.15,0.05,0,129,256,177,0.0508,97,52,20
500,77,0,0,0.5,0.5,0.2,0.05,0,84,256,181,0.0331,52,39,20
500,59,0.0625,0,0.5,0.5,0.25,0.05,0,114,256,193,0.057,82,61,20
500,71,0.0333,0,0.5,0.5,0.3,0.05,0,89,256,180,0.0389,57,43,20
500,73,0.0938,0,0.5,0.5,0.35,0.05,0,103,256,196,0.0357,71,44,20
500,60,0.0357,0,0.5,0.5,0.4,0.05,0,99,256,179,0.0447,67,48,20
500,46,0.0968,0,0.5,0.5,0.45,0.05,0,118,256,184,0.0652,86,64,20
500,61,0.125,0,0.5,0.5,0.5,0.05,0,92,256,173,0.0231,60,28,20
500,50,0.0323,0,0.5,0.5,0.55,0.05,0,128,256,198,0.0707,96,73,20
500,67,0.1,0,0.5,0.5,0.6,0.05,0,102,256,189,0.0423,70,48,20
500,50,0.1515,0,0.5,0.5,0.65,0.05,0,125,256,195,0.0462,93,53,20
500,39,0.1379,0,0.5,0.5,0.7,0.05,0,137,256,196,0.0663,105,70,20
500,40,0.069,0,0.5,0.5,0.75,0.05,0,123,256,183,0.0656,91,64,20
500,44,0,0,0.5,0.5,0.95,0.05,0,119,256,183,0.0656,87,64,20
500,55,0.1212,0,0.5,0.5,1,0.05,0,114,256,189,0.0476,82,53,20
500,68,0.0267,0,0.5,0.5,0.5,0.0359,0,88,256,176,0.0398,56,43,20
500,74,0.0789,0,0.5,0.5,0.05,0.0391,0,86,256,180,0.0222,54,28,20
500,49,0.0946,0,0.5,0.5,0.1,0.0645,0,105,256,174,0.0517,73,52,20
500,53,0.0897,0,0.5,0.5,0.15,0.0684,0,112,256,185,0.0595,80,61,20
500,65,0.0617,0,0.5,0.5,0.2,0.0517,0,105,256,190,0.0474,73,53,20
500,67,0.0548,0,0.5,0.5,0.25,0.0408,0,85,256,172,0.0349,53,38,20
500,69,0.0267,0,0.5,0.5,0.3,0.0359,0,87,256,176,0.0398,55,43,20
500,50,0.0625,0,0.5,0.5,0.35,0.0637,0,117,256,187,0.0642,85,65,20
500,74,0.0135,0,0.5,0.5,0.4,0.0243,0,79,256,173,0.0289,47,33,20
500,27,0.029,0,0.5,0.5,0.5,0.0644,0,117,256,164,0.0793,85,66,20
500,28,0.0361,0,0.5,0.5,0.55,0.0719,0,147,256,195,0.0872,115,84,20
500,95,0.0375,0,0.5,0.5,0.6,0.0299,0,73,256,188,0.0266,41,34,20
500,39,0.0667,0,0.5,0.5,0.65,0.064,0,116,256,175,0.0629,84,60,20
500,61,0.0533,0,0.5,0.5,0.7,0.0478,0,95,256,176,0.0455,63,47,20
500,35,0.0704,0,0.5,0.5,0.75,0.0675,0,111,256,166,0.0663,79,59,20
500,74,0.04,0,0.5,0.5,0.8,0.0356,0,84,256,178,0.0337,52,38,20
500,64,0.0299,0,0.5,0.5,0.85,0.031,0,75,256,159,0.0314,43,33,20
500,93,0.025,0,0.5,0.5,0.9,0.026,0,76,256,189,0.0265,44,34,20
500,34,0.0694,0,0.5,0.5,0.95,0.0664,0,115,256,169,0.0651,83,59,20
500,59,0.04,0,0.5,0.5,1,0.044,0,96,256,175,0.0457,64,47,20
500,25,0.2051,0,0.5,0.5,0.5,0.05,0,133,256,178,0.0506,101,52,20
500,46,0.1,0,0.5,0.5,0.05,0.05,0,118,256,184,0.0652,86,64,20
500,41,0.0256,0,0.5,0.5,0.1,0.05,0,115,256,176,0.0739,83,67,20
500,66,0.0541,0,0.5,0.5,0.15,0.05,0,93,256,179,0.0447,61,48,20
500,41,0.0556,0,0.5,0.5,0.2,0.05,0,117,256,178,0.0674,85,64,20
500,35,0.1471,0,0.5,0.5,0.25,0.05,0,117,256,172,0.0523,85,51,20
500,46,0.0263,0,0.5,0.5,0.3,0.05,0,110,256,176,0.0625,78,60,20
500,64,0.125,0,0.5,0.5,0.35,0.05,0,94,256,178,0.0225,62,28,20
500,43,0.0938,0,0.5,0.5,0.4,0.05,0,87,256,150,0.0333,55,32,20
500,44,0,0,0.5,0.5,0.45,0.05,0,114,256,178,0.0618,82,60,20
500,49,0.0938,0,0.5,0.5,0.5,0.05,0,97,256,166,0.0422,65,42,20
500,28,0.1622,0,0.5,0.5,0.55,0.05,0,117,256,165,0.0424,85,42,20
500,34,0.1429,0,0.5,0.5,0.6,0.05,0,113,256,167,0.0539,81,51,20
500,61,0.1,0,0.5,0.5,0.65,0.05,0,113,256,194,0.0515,81,57,20
500,41,0.1351,0,0.5,0.5,0.7,0.05,0,116,256,177,0.0621,84,60,20
500,46,0.1389,0,0.5,0.5,0.75,0.05,0,119,256,185,0.0432,87,48,20
500,60,0.0857,0,0.5,0.5,0.8,0.05,0,102,256,182,0.044,70,48,20
500,39,0.0789,0,0.5,0.5,0.85,0.05,0,110,256,169,0.0592,78,55,20
500,65,0.1111,0,0.5,0.5,0.9,0.05,0,97,256,182,0.033,65,39,20
500,40,0.0833,0,0.5,0.5,0.95,0.05,0,112,256,172,0.0581,80,56,20
500,69,0.0556,0,0.5,0.5,1,0.05,0,92,256,181,0.0442,60,48,20
500,41,0.0795,0,0.5,0.5,0.5,0.0669,0,105,256,166,0.0602,73,55,20
500,72,0.0227,0,0.5,0.5,0.05,0.0278,0,72,256,164,0.0305,40,33,20
500,60,0.0698,0,0.5,0.5,0.1,0.0444,0,82,256,162,0.0309,50,33,20
500,36,0.0119,0,0.5,0.5,0.2,0.0458,0,100,256,156,0.0641,68,54,20
500,51,0.0714,0,0.5,0.5,0.25,0.0607,0,111,256,182,0.0549,79,56,20
500,88,0.0337,0,0.5,0.5,0.3,0.0156,0,60,256,168,0.006,28,9,20
500,46,0.0353,0,0.5,0.5,0.35,0.0449,0,94,256,160,0.05,62,46,20
500,55,0.069,0,0.5,0.5,0.45,0.0518,0,89,256,164,0.0427,57,42,20
500,36,0.0476,0,0.5,0.5,0.5,0.0579,0,102,256,158,0.0633,70,54,20
500,43,0.0543,0,0.5,0.5,0.55,0.0608,0,108,256,171,0.0643,76,59,20
500,27,0.0899,0,0.5,0.5,0.6,0.0778,0,121,256,168,0.0714,89,63,20
500,62,0.0549,0,0.5,0.5,0.65,0.0458,0,89,256,171,0.0409,57,43,20
500,36,0.023,0,0.5,0.5,0.7,0.0522,0,106,256,162,0.0679,74,59,20
500,46,0.0814,0,0.5,0.5,0.75,0.0569,0,94,256,160,0.0437,62,42,20
500,50,0.0538,0,0.5,0.5,0.8,0.0599,0,104,256,174,0.0632,72,60,20
500,36,0.0889,0,0.5,0.5,0.85,0.0734,0,113,256,169,0.0651,81,59,20
500,22,0.0349,0,0.5,0.5,0.9,0.065,0,118,256,160,0.0813,86,66,20
500,48,0.1149,0,0.5,0.5,0.95,0.064,0,95,256,163,0.0368,63,38,20
500,53,0.0968,0,0.5,0.5,1,0.0637,0,101,256,174,0.046,69,47,20
500,50,0.0952,0,0.5,0.5,0.5,0.05,0,92,256,162,0.0247,60,28,20
500,53,0.0714,0,0.5,0.5,0.05,0.05,0,84,256,157,0.0255,52,27,20
500,29,0.1538,0,0.5,0.5,0.1,0.05,0,110,256,159,0.0503,78,46,20
500,54,0.0638,0,0.5,0.5,0.2,0.05,0,95,256,169,0.0473,63,47,20
500,33,0.1026,0,0.5,0.5,0.25,0.05,0,111,256,164,0.061,79,55,20
500,33,0.122,0,0.5,0.5,0.3,0.05,0,89,256,142,0.0352,57,32,20
500,56,0.0714,0,0.5,0.5,0.35,0.05,0,86,256,162,0.037,54,38,20
500,35,0.1053,0,0.5,0.5,0.4,0.05,0,108,256,163,0.0491,76,47,20
500,25,0.1892,0,0.5,0.5,0.45,0.05,0,119,256,164,0.0488,87,47,20
500,41,0.0732,0,0.5,0.5,0.5,0.05,0,98,256,159,0.0503,66,46,20
500,17,0.1429,0,0.5,0.5,0.55,0.05,0,133,256,170,0.0765,101,67,20
500,34,0.1304,0,0.5,0.5,0.6,0.05,0,105,256,159,0.0566,73,50,20
500,19,0.1667,0,0.5,0.5,0.65,0.05,0,118,256,157,0.0573,86,50,20
500,32,0.225,0,0.5,0.5,0.7,0.05,0,118,256,170,0.0294,86,33,20
500,53,0.1087,0,0.5,0.5,0.75,0.05,0,96,256,169,0.0355,64,38,20
500,16,0.1282,0,0.5,0.5,0.8,0.05,0,123,256,159,0.0881,91,69,20
500,32,0.093,0,0.5,0.5,0.85,0.05,0,110,256,162,0.0679,78,59,20
500,50,0.1087,0,0.5,0.5,0.9,0.05,0,92,256,162,0.037,60,38,20
500,35,0.1842,0,0.5,0.5,0.95,0.05,0,106,256,161,0.0248,74,28,20
500,52,0.066,0,0.5,0.5,0.5,0.0528,0,87,256,159,0.044,55,42,20
500,47,0.0392,0,0.5,0.5,0.05,0.0392,0,86,256,153,0.0392,54,37,20
500,49,0.0408,0,0.5,0.5,0.1,0.0364,0,80,256,149,0.0336,48,32,20
500,26,0.0316,0,0.5,0.5,0.15,0.0546,0,97,256,143,0.0699,65,53,20
500,35,0.036,0,0.5,0.5,0.2,0.0538,0,113,256,168,0.0655,81,59,20
500,28,0.0722,0,0.5,0.5,0.25,0.0697,0,99,256,147,0.068,67,53,20
500,47,0.0667,0,0.5,0.5,0.3,0.0568,0,92,256,159,0.0503,60,46,20
500,14,0.0625,0,0.5,0.5,0.35,0.0785,0,112,256,146,0.089,80,64,20
500,31,0.0435,0,0.5,0.5,0.4,0.0476,0,88,256,139,0.0504,56,41,20
500,49,0.04,0,0.5,0.5,0.45,0.04,0,81,256,150,0.04,49,37,20
500,46,0.0962,0,0.5,0.5,0.5,0.0577,0,90,256,156,0.0321,58,32,20
500,55,0.0192,0,0.5,0.5,0.55,0.0308,0,81,256,156,0.0385,49,37,20
500,43,0.0095,0,0.5,0.5,0.6,0.0342,0,95,256,158,0.0506,63,46,20
500,58,0.0476,0,0.5,0.5,0.65,0.0379,0,81,256,159,0.0314,49,33,20
500,32,0.0194,0,0.5,0.5,0.7,0.0465,0,103,256,155,0.0645,71,54,20
500,14,0.0396,0,0.5,0.5,0.75,0.0672,0,118,256,152,0.0855,86,65,20
500,26,0.1,0,0.5,0.5,0.8,0.0757,0,105,256,151,0.0596,73,50,20
500,55,0.0377,0,0.5,0.5,0.85,0.0528,4,84,256,159,0.0377,52,37,20
500,29,0.0857,0,0.5,0.5,0.9,0.0758,0,110,256,159,0.0692,78,58,20
500,62,0.0278,0,0.5,0.5,1,0.0369,0,81,256,163,0.0429,49,42,20
500,35,0.087,0,0.5,0.5,0.5,0.05,0,102,256,157,0.051,70,46,20
500,44,0.1087,0,0.5,0.5,0.5,0.05,0,92,256,156,0.0385,60,37,20
500,27,0.0833,0,0.5,0.5,0.05,0.05,0,101,256,148,0.0541,69,45,20
500,34,0.1042,0,0.5,0.5,0.25,0.05,0,97,256,151,0.0464,65,41,20
500,40,0.12,0,0.5,0.5,0.3,0.05,0,100,256,160,0.05,68,46,20
500,29,0.0625,0,0.5,0.5,0.35,0.05,0,97,256,146,0.0685,65,53,20
500,42,0.0357,0,0.5,0.5,0.4,0.05,0,95,256,157,0.051,63,46,20
500,53,0.0769,0,0.5,0.5,0.45,0.05,0,84,256,157,0.0255,52,27,20
500,29,0.0784,0,0.5,0.5,0.5,0.05,0,101,256,150,0.06,69,50,20
500,32,0.0556,0,0.5,0.5,0.55,0.05,0,105,256,157,0.0701,73,58,20
500,23,0.1667,0,0.5,0.5,0.6,0.05,0,104,256,147,0.0272,72,27,20
500,34,0.1628,0,0.5,0.5,0.7,0.05,0,94,256,148,0.0338,62,32,20
500,40,0.1132,0,0.5,0.5,0.75,0.05,0,97,256,157,0.0446,65,42,20
500,23,0.1042,0,0.5,0.5,0.8,0.05,0,98,256,141,0.0496,66,41,20
500,26,0.1481,0,0.5,0.5,0.85,0.05,0,111,256,157,0.0573,79,50,20
500,36,0.0455,0,0.5,0.5,0.9,0.05,0,95,256,151,0.053,63,46,20
500,41,0.06,0,0.5,0.5,0.95,0.05,0,89,256,150,0.0533,57,46,20
500,36,0.1087,0,0.5,0.5,1,0.05,0,98,256,154,0.0455,66,42,20
500,33,0.0531,0,0.5,0.5,0.5,0.0514,0,87,256,140,0.05,55,41,20
500,37,0.0442,0,0.5,0.5,0.05,0.0435,0,83,256,140,0.0429,51,36,20
500,36,0.0976,0,0.5,0.5,0.15,0.0691,0,96,256,152,0.0461,64,41,20
500,18,0.0278,0,0.5,0.5,0.2,0.0498,0,95,256,133,0.0677,63,48,20
500,32,0.0388,0,0.5,0.5,0.25,0.0437,0,74,256,126,0.0476,42,35,20
500,30,0.0472,0,0.5,0.5,0.3,0.0464,0,81,256,131,0.0458,49,36,20
500,32,0.0541,0,0.5,0.5,0.35,0.0486,0,84,256,136,0.0441,52,36,20
500,40,0.0826,0,0.5,0.5,0.4,0.0533,0,75,256,135,0.0296,43,26,20
500,15,0.0571,0,0.5,0.5,0.45,0.0641,0,94,256,129,0.0698,62,48,20
500,3,0.0536,0,0.5,0.5,0.5,0.0757,0,116,256,139,0.0935,84,63,20
500,32,0.0556,0,0.5,0.5,0.55,0.05,0,80,256,132,0.0455,48,36,20
500,40,0.0826,0,0.5,0.5,0.65,0.0535,0,74,256,134,0.0299,42,26,20
500,47,0.0721,0,0.5,0.5,0.7,0.0484,0,70,256,137,0.0292,38,27,20
500,31,0.0427,0,0.5,0.5,0.75,0.0498,0,93,256,144,0.0556,61,45,20
500,37,0.0648,0,0.5,0.5,0.8,0.05,0,75,256,132,0.0379,43,31,20
500,46,0.0804,0,0.5,0.5,0.85,0.0518,0,73,256,139,0.0288,41,27,20
500,16,0.0435,0,0.5,0.5,0.85,0.0625,0,105,256,141,0.078,73,56,20
500,44,0.0187,0,0.5,0.5,0.9,0.021,0,67,256,131,0.0229,35,21,20
500,30,0.0342,0,0.5,0.5,0.95,0.0534,0,95,256,145,0.069,63,53,20
500,26,0.0085,0,0.5,0.5,1,0.0382,0,99,256,145,0.0621,67,49,20
500,29,0.0769,0,0.5,0.5,0.5,0.05,0,102,256,151,0.0596,70,50,20
500,38,0.0755,0,0.5,0.5,0.05,0.05,0,73,256,131,0.0305,41,26,20
500,12,0.1754,0,0.5,0.5,0.1,0.05,0,108,256,140,0.0571,76,45,20
500,20,0.1111,0,0.5,0.5,0.15,0.05,0,96,256,136,0.0515,64,40,20
500,15,0.1346,0,0.5,0.5,0.2,0.05,0,96,256,131,0.0458,64,36,20
500,17,0.0984,0,0.5,0.5,0.25,0.05,0,98,256,135,0.0593,66,44,20
500,33,0.1296,0,0.5,0.5,0.3,0.05,0,88,256,141,0.0355,56,32,20
500,27,0.1346,0,0.5,0.5,0.4,0.05,0,86,256,133,0.0376,54,31,20
500,46,0.0577,0,0.5,0.5,0.45,0.05,8,69,256,135,0.0222,37,21,20
500,31,0.1379,0,0.5,0.5,0.5,0.05,0,102,256,153,0.0523,70,46,20
500,16,0.1875,0,0.5,0.5,0.55,0.05,0,95,256,131,0.0458,63,36,20
500,29,0.1228,0,0.5,0.5,0.6,0.05,0,93,256,142,0.0493,61,41,20
500,19,0.1321,0,0.5,0.5,0.65,0.05,0,99,256,138,0.058,67,45,20
500,36,0.0781,0,0.5,0.5,0.7,0.05,0,95,256,151,0.053,63,46,20
500,33,0.1111,0,0.5,0.5,0.75,0.05,0,94,256,147,0.034,62,32,20
500,29,0.0923,0,0.5,0.5,0.8,0.05,0,98,256,147,0.0544,66,45,20
500,31,0.1613,0,0.5,0.5,0.85,0.05,0,90,256,141,0.0284,58,27,20
500,32,0.069,0,0.5,0.5,0.9,0.05,0,88,256,140,0.0571,56,45,20
500,43,0.0755,0,0.5,0.5,0.95,0.05,0,76,256,139,0.0288,44,27,20
500,27,0.1207,0,0.5,0.5,1,0.05,0,95,256,142,0.0493,63,41,20
500,16,0.0472,0,0.5,0.5,0.5,0.0551,0,91,256,127,0.063,59,44,20
500,39,0.0397,0,0.5,0.5,0.05,0.0357,0,67,256,126,0.0317,35,26,20
500,9,0.0403,0,0.5,0.5,0.1,0.0602,0,96,256,125,0.08,64,51,20
500,45,0.0565,0,0.5,0.5,0.15,0.0321,0,60,256,125,0.008,28,9,20
500,27,0.0252,0,0.5,0.5,0.25,0.0294,0,72,256,119,0.0336,40,26,20
500,16,0.0163,0,0.5,0.5,0.3,0.0405,0,88,256,124,0.0645,56,43,20
500,36,0.0565,0,0.5,0.5,0.35,0.0403,0,68,256,124,0.0242,36,21,20
500,22,0.0625,0,0.5,0.5,0.4,0.0586,0,86,256,128,0.0547,54,40,20
500,27,0.0794,0,0.5,0.5,0.45,0.0632,0,80,256,127,0.0472,48,35,20
500,13,0.0504,0,0.5,0.5,0.5,0.0544,0,87,256,120,0.0583,55,39,20
500,49,0.0611,0,0.5,0.5,0.55,0.038,0,63,256,132,0.0152,31,15,20
500,3,0.0484,0,0.5,0.5,0.65,0.0645,0,101,256,124,0.0806,69,51,20
500,48,0.0413,0,0.5,0.5,0.7,0.0288,0,54,256,122,0.0164,22,15,20
500,35,0.041,0,0.5,0.5,0.75,0.0369,0,67,256,122,0.0328,35,26,20
500,22,0.0635,0,0.5,0.5,0.8,0.0593,0,85,256,127,0.0551,53,40,20
500,21,0.0504,0,0.5,0.5,0.85,0.0502,0,79,256,120,0.05,47,35,20
500,8,0.0545,0,0.5,0.5,0.9,0.0543,0,83,256,111,0.0541,51,34,20
500,25,0.041,0,0.5,0.5,0.95,0.049,0,78,256,123,0.0569,46,39,20
500,23,0.0231,0,0.5,0.5,1,0.0385,0,87,256,130,0.0538,55,40,20
500,26,0.0968,0,0.5,0.5,0.5,0.05,0,86,256,132,0.053,54,40,20
500,16,0.1176,0,0.5,0.5,0.05,0.05,0,91,256,127,0.0551,59,40,20
500,25,0.0566,0,0.5,0.5,0.1,0.05,0,78,256,123,0.0407,46,31,20
500,16,0.1286,0,0.5,0.5,0.15,0.05,0,101,256,137,0.0657,69,48,20
500,26,0.1017,0,0.5,0.5,0.1,0.05,0,79,256,125,0.024,47,21,20
500,10,0.1034,0,0.5,0.5,0.15,0.05,0,95,256,125,0.064,63,43,20
500,25,0.1231,0,0.5,0.5,0.2,0.05,0,91,256,136,0.0441,59,36,20
500,26,0.1017,0,0.5,0.5,0.35,0.05,0,83,256,129,0.0388,51,31,20
500,29,0.1071,0,0.5,0.5,0.4,0.05,0,80,256,129,0.0233,48,21,20
500,34,0.0806,0,0.5,0.5,0.45,0.05,0,72,256,126,0.0317,40,26,20
500,17,0.1091,0,0.5,0.5,0.5,0.05,0,87,256,124,0.0484,55,35,20
500,24,0.1045,0,0.5,0.5,0.55,0.05,0,89,256,133,0.0376,57,31,20
500,14,0.0625,0,0.5,0.5,0.6,0.05,0,72,256,106,0.0377,40,25,20
500,29,0.0769,0,0.5,0.5,0.65,0.05,0,74,256,123,0.0407,42,31,20
500,18,0.0635,0,0.5,0.5,0.7,0.05,0,86,256,124,0.0565,54,39,20
500,13,0.1071,0,0.5,0.5,0.75,0.05,0,81,256,114,0.0439,49,30,20
500,15,0.1493,0,0.5,0.5,0.8,0.05,0,84,256,119,0.0336,52,26,20
500,18,0.1639,0,0.5,0.5,0.85,0.05,0,87,256,125,0.04,55,31,20
500,33,0.0645,0,0.5,0.5,0.9,0.05,0,76,256,129,0.0388,44,31,20
500,22,0.1268,0,0.5,0.5,0.95,0.05,0,99,256,141,0.0567,67,45,20
500,18,0.0833,0,0.5,0.5,1,0.05,0,73,256,111,0.045,41,30,20
500,23,0.0414,0,0.5,0.5,0.5,0.0455,0,76,256,119,0.0504,44,35,20
500,28,0.0685,0,0.5,0.5,0.05,0.0526,0,72,256,120,0.0333,40,26,20
500,20,0.0719,0,0.5,0.5,0.1,0.0551,0,75,256,115,0.0348,43,26,20
500,7,0.0072,0,0.5,0.5,0.15,0.0357,0,87,256,114,0.0702,55,42,20
500,17,0.0462,0,0.5,0.5,0.2,0.0462,0,71,256,108,0.0463,39,30,20
500,1,0.0571,0,0.5,0.5,0.25,0.0667,0,94,256,115,0.0783,62,46,20
500,19,0.0226,0,0.5,0.5,0.3,0.0288,0,71,256,110,0.0364,39,25,20
500,27,0.0345,0,0.5,0.5,0.35,0.0379,0,72,256,119,0.042,40,30,20
500,28,0.0467,0,0.5,0.5,0.4,0.044,0,75,256,123,0.0407,43,31,20
500,34,0.0426,0,0.5,0.5,0.45,0.035,0,62,256,116,0.0259,30,21,20
500,9,0.0385,0,0.5,0.5,0.5,0.0464,0,78,256,107,0.0561,46,34,20
500,31,0.0435,0,0.5,0.5,0.55,0.0359,0,62,256,113,0.0265,30,20,20
500,28,0.0362,0,0.5,0.5,0.6,0.0357,0,66,256,114,0.0351,34,25,20
500,26,0.0267,0,0.5,0.5,0.65,0.0365,0,78,256,124,0.0484,46,35,20
500,17,0.0794,0,0.5,0.5,0.75,0.0565,0,67,256,104,0.0288,35,20,20
500,36,0.0444,0,0.5,0.5,0.8,0.0364,0,56,256,112,0.0268,24,20,20
500,16,0.04,0,0.5,0.5,0.85,0.0437,0,68,256,104,0.0481,36,29,20
500,19,0.0592,0,0.5,0.5,0.9,0.0578,0,86,256,125,0.056,54,39,20
500,13,0.0432,0,0.5,0.5,0.95,0.0514,0,81,256,114,0.0614,49,38,20
500,19,0.0496,0,0.5,0.5,1,0.0506,0,77,256,116,0.0517,45,35,20
500,17,0.1014,0,0.5,0.5,0.5,0.05,0,71,256,108,0.037,39,25,20
500,23,0.0435,0,0.5,0.5,0.05,0.05,0,75,256,118,0.0508,43,35,20
500,9,0.1061,0,0.5,0.5,0.1,0.05,0,77,256,106,0.0472,45,30,20
500,16,0.0857,0,0.5,0.5,0.15,0.05,0,84,256,120,0.0583,52,39,20
500,9,0.1176,0,0.5,0.5,0.2,0.05,0,81,256,110,0.0364,49,25,20
500,1,0.1279,0,0.5,0.5,0.25,0.05,0,107,256,128,0.0859,75,55,20
500,22,0.0746,0,0.5,0.5,0.3,0.05,0,67,256,109,0.0275,35,20,20
500,17,0.0571,0,0.5,0.5,0.35,0.05,0,76,256,113,0.0442,44,30,20
500,24,0.0704,0,0.5,0.5,0.4,0.05,0,73,256,117,0.0427,41,30,20
500,19,0.1067,0,0.5,0.5,0.45,0.05,0,79,256,118,0.0424,47,30,20
500,6,0.1714,0,0.5,0.5,0.5,0.05,0,81,256,107,0.028,49,20,20
500,17,0.1233,0,0.5,0.5,0.55,0.05,0,80,256,117,0.0342,48,26,20
500,1,0.1111,0,0.5,0.5,0.65,0.05,0,86,256,107,0.0654,54,38,20
500,16,0.1944,0,0.5,0.5,0.7,0.05,0,86,256,122,0.0246,54,21,20
500,20,0.141,0,0.5,0.5,0.75,0.05,0,80,256,120,0.025,48,21,20
500,2,0.0769,0,0.5,0.5,0.8,0.05,0,96,256,118,0.0847,64,50,20
500,5,0.1176,0,0.5,0.5,0.85,0.05,0,88,256,113,0.0531,56,34,20
500,4,0.0781,0,0.5,0.5,0.9,0.05,0,89,256,113,0.0708,57,42,20
500,28,0.0484,0,0.5,0.5,0.95,0.05,0,68,256,116,0.0345,36,26,20
500,22,0.1077,0,0.5,0.5,1,0.05,0,71,256,113,0.0265,39,20,20
500,11,0.0541,0,0.5,0.5,0.5,0.0524,0,69,256,100,0.05,37,29,20
500,12,0.0667,0,0.5,0.5,0.05,0.052,0,68,256,100,0.03,36,20,20
500,29,0.0437,0,0.5,0.5,0.1,0.0373,0,59,256,108,0.0278,27,20,20
500,10,0.0352,0,0.5,0.5,0.15,0.0338,0,65,256,95,0.0316,33,20,20
500,10,0.0544,0,0.5,0.5,0.2,0.0528,0,69,256,99,0.0505,37,29,20
500,5,0.0544,0,0.5,0.5,0.25,0.0569,0,74,256,99,0.0606,42,33,20
500,8,0.0318,0,0.5,0.5,0.3,0.0382,0,77,256,105,0.0476,45,30,20
500,23,0.0455,0,0.5,0.5,0.35,0.0388,0,61,256,104,0.0288,29,20,20
500,2,0.0345,0,0.5,0.5,0.4,0.0412,0,76,256,98,0.051,44,29,20
500,6,0.0395,0,0.5,0.5,0.45,0.0472,0,76,256,102,0.0588,44,33,20
500,10,0.0625,0,0.5,0.5,0.55,0.0542,0,66,256,96,0.0417,34,24,20
500,26,0.0397,0,0.5,0.5,0.6,0.0476,4,55,256,101,0.0198,23,15,20
500,15,0.071,0,0.5,0.5,0.65,0.0541,0,69,256,104,0.0288,37,20,20
500,7,0.0195,0,0.5,0.5,0.75,0.0311,0,76,256,103,0.0485,44,29,20
500,6,0.036,0,0.5,0.5,0.8,0.0345,0,67,256,93,0.0323,35,20,20
500,6,0.0658,0,0.5,0.5,0.9,0.0591,0,76,256,102,0.049,44,29,20
500,3,0.0685,0,0.5,0.5,1,0.0615,0,75,256,98,0.051,43,29,20
500,11,0.0833,0,0.5,0.5,0.1,0.05,0,73,256,104,0.0481,41,29,20
500,1,0.1184,0,0.5,0.5,0.25,0.05,0,79,256,100,0.06,47,33,20
500,10,0.1139,0,0.5,0.5,0.5,0.05,0,73,256,103,0.0291,41,20,20
500,4,0.0714,0,0.5,0.5,0.6,0.05,0,80,256,104,0.0577,48,34,20
500,5,0.1071,0,0.5,0.5,0.65,0.05,0,81,256,106,0.066,49,38,20
500,13,0.1,0,0.5,0.5,0.7,0.05,0,72,256,105,0.0381,40,25,20
500,13,0.0921,0,0.5,0.5,0.8,0.05,0,69,256,102,0.0392,37,25,20
500,1,0.0988,0,0.5,0.5,0.9,0.05,0,91,256,112,0.0804,59,46,20
500,15,0.0833,0,0.5,0.5,0.95,0.05,2,67,256,102,0.0294,35,20,20
500,8,0.0933,0,0.5,0.5,1,0.05,0,78,256,106,0.0566,46,34,20
500,15,0.0647,0,0.5,0.5,0.5,0.0494,0,58,256,93,0.0215,26,14,20
500,12,0.0573,0,0.5,0.5,0.1,0.0453,0,54,256,86,0.0233,22,14,20
500,6,0.057,0,0.5,0.5,0.15,0.0492,0,60,256,86,0.0349,28,19,20
500,9,0.0683,0,0.5,0.5,0.3,0.0524,0,58,256,87,0.023,26,14,20
500,10,0.0526,0,0.5,0.5,0.4,0.0492,0,63,256,93,0.043,31,24,20
500,7,0.0307,0,0.5,0.5,0.5,0.0278,0,62,256,89,0.0225,30,14,20
500,3,0.0287,0,0.5,0.5,0.65,0.0373,0,71,256,94,0.0532,39,29,20
500,12,0.0629,0,0.5,0.5,0.7,0.049,0,54,256,86,0.0233,22,14,20
500,10,0.0686,0,0.5,0.5,0.8,0.0556,0,65,256,95,0.0316,33,20,20
500,22,0.0581,0,0.5,0.5,0.9,0.0414,0,52,256,94,0.0106,20,8,20
500,1,0.0659,0,0.5,0.5,0.5,0.05,0,71,256,92,0.0543,39,29,20
500,2,0.1129,0,0.5,0.5,0.45,0.05,0,62,256,84,0.0238,30,14,20
500,2,0.0843,0,0.5,0.5,0.65,0.05,0,66,256,88,0.0341,34,19,20
500,12,0.0611,0,0.5,0.5,0.2,0.0426,0,46,256,78,0,14,0,20
500,1,0.0636,0,0.5,0.5,0.2,0.0524,0,54,256,75,0.0267,22,14,20
500,1,0.0629,0,0.5,0.5,0.8,0.052,0,54,256,75,0.0267,22,14,20
500,2,0.0568,0,0.5,0.5,0.9,0.0476,0,54,256,76,0.0263,22,14,20
500,3,0.0209,0,0.5,0.5,0.95,0.0219,0,60,256,83,0.0241,28,14,20
500,45,0.1017,0,0,0.5,0.5,0.0756,0,114,256,179,0.067,82,64,20
500,60,0.02,0,0.1,0.5,0.5,0.056,0,120,256,200,0.065,88,70,20
500,78,0.0588,0,0.05,0.5,0.5,0.0471,0,106,256,204,0.0441,74,54,20
500,75,0.0612,0,0.1,0.5,0.5,0.0449,0,101,256,196,0.0408,69,49,20
500,91,0.0377,0,0.15,0.5,0.5,0.0449,0,101,256,196,0.0408,69,49,20
500,67,0.0612,0,0.2,0.5,0.5,0.0526,0,111,256,198,0.0505,79,58,20
500,73,0.0943,0,0.25,0.5,0.5,0.0604,0,119,256,212,0.0519,87,63,20
500,85,0.0566,0,0.3,0.5,0.5,0.0453,0,107,256,212,0.0425,75,54,20
500,73,0.0638,0,0.35,0.5,0.5,0.046,0,99,256,192,0.0417,67,48,20
500,98,0.0392,0,0.4,0.5,0.5,0.035,0,88,256,206,0.034,56,45,20
500,70,0.0435,0,0.45,0.5,0.5,0.0472,0,97,256,187,0.0481,65,53,20
500,83,0.0189,0,0.5,0.5,0.5,0.0448,0,112,256,215,0.0512,80,63,20
500,57,0,0,0.5,0.5,0.5,0.0531,0,119,256,196,0.0663,87,70,20
500,98,0,0,0,0.5,0.5,0.0275,0,86,256,204,0.0343,54,44,20
500,97,0.0833,0,0.05,0.5,0.5,0.0359,0,122,256,239,0.0335,90,51,20
500,91,0,0,0.1,0.5,0.5,0.0543,0,135,256,246,0.0569,103,78,20
500,64,0.0909,0,0.15,0.5,0.5,0.0563,0,136,256,220,0.0545,104,68,20
500,97,0,0,0.2,0.5,0.5,0.042,0,110,256,227,0.0441,78,60,20
500,104,0.0769,0,0.25,0.5,0.5,0.0476,0,136,256,260,0.0462,104,71,20
500,89,0.0833,0,0.3,0.5,0.5,0.0502,0,138,256,247,0.0486,106,70,20
500,70,0,0,0.35,0.5,0.5,0.0667,0,153,256,243,0.07,121,89,20
500,107,0,0,0.4,0.5,0.5,0.0455,0,124,256,251,0.0478,92,70,20
500,82,0,0,0.45,0.5,0.5,0.062,2,128,256,230,0.0565,96,73,20
500,81,0.0833,0,0.5,0.5,0.5,0.0484,0,135,256,236,0.0466,103,65,20
500,58,0,0,0.05,0.5,0.5,0.0598,2,133,256,211,0.0664,101,75,20
500,91,0,0,0.1,0.5,0.5,0.0407,0,111,256,222,0.045,79,59,20
500,119,0.0435,0,0.15,0.5,0.5,0.0126,0,77,256,216,0.0093,45,17,20
500,76,0,0,0.2,0.5,0.5,0.0522,0,129,256,225,0.0578,97,72,20
500,92,0.08,0,0.25,0.5,0.5,0.0433,0,117,256,229,0.0393,85,55,20
500,74,0.0385,0,0.3,0.5,0.5,0.0637,0,147,256,241,0.0664,115,85,20
500,87,0.0435,0,0.35,0.5,0.5,0.0426,0,105,256,212,0.0425,73,54,20
500,58,0,0,0.4,0.5,0.5,0.0669,0,151,256,229,0.0742,119,88,20
500,96,0.04,0,0.45,0.5,0.5,0.043,0,115,256,231,0.0433,127,60,20
500,76,0.08,0,0.5,0.5,0.5,0.0593,0,132,256,228,0.057,100,72,20
500,90,0.0278,0,0.05,0.5,0.5,0.0367,0,99,256,209,0.383,67,49,20
500,76,0,0,0.1,0.5,0.5,0.0451,0,112,256,208,0.0529,80,63,20
500,82,0.027,0,0.15,0.5,0.5,0.0478,0,112,256,214,0.0514,80,63,20
500,86,0.0811,0,0.2,0.5,0.5,0.0442,0,106,256,212,0.0377,74,50,20
500,60,0.0556,0,0.25,0.5,0.5,0.0656,0,128,256,208,0.0673,96,75,20
500,91,0.0541,0,0.3,0.5,0.5,0.0395,0,105,256,216,0.037,73,50,20
500,94,0,0,0.35,0.5,0.5,0.0292,0,90,256,204,0.0343,58,44,20
500,85,0.027,0,0.4,0.5,0.5,0.0405,0,105,256,210,0.0429,73,54,20
500,53,0.0286,0,0.45,0.5,0.5,0.0633,0,129,256,202,0.0693,97,74,20
500,49,0.027,0,0.5,0.5,0.5,0.0763,0,143,256,212,0.0849,111,89,20
500,53,0.0469,0,0.05,0.5,0.5,0.0695,0,122,256,195,0.0769,90,77,20
500,67,0.0769,0,0.1,0.5,0.5,0.0536,0,109,256,196,0.0459,77,53,20
500,71,0.0317,0,0.15,0.5,0.5,0.0397,0,98,256,189,0.0423,66,48,20
500,38,0.0161,0,0.2,0.5,0.5,0.0602,0,129,256,187,0.0749,97,72,20
500,53,0.0469,0,0.25,0.5,0.5,0.062,0,121,256,194,0.067,89,69,20
500,64,0.0308,0,0.3,0.5,0.5,0.05,0,111,256,195,0.0564,79,62,20
500,44,0.05,0,0.35,0.5,0.5,0.0664,0,117,256,181,0.0718,85,68,20
500,51,0.0323,0,0.4,0.5,0.5,0.0588,0,118,256,189,0.0635,86,65,20
500,54,0,0,0.45,0.5,0.5,0.0412,0,109,256,183,0.0546,77,56,20
500,81,0.0769,0,0.5,0.5,0.5,0.0418,0,97,256,198,0.0303,65,39,20
500,55,0.0641,0,0.05,0.5,0.5,0.057,0,110,256,185,0.0541,78,57,20
500,46,0.0811,0,0.1,0.5,0.5,0.0648,0,107,256,173,0.0578,75,56,20
500,67,0.0563,0,0.15,0.5,0.5,0.038,0,79,256,166,0.0301,47,33,20
500,53,0.0933,0,0.2,0.5,0.5,0.0556,0,104,256,177,0.0395,72,43,20
500,53,0.0417,0,0.25,0.5,0.5,0.0458,0,95,256,168,0.0476,63,47,20
500,40,0.08,0,0.3,0.5,0.5,0.0677,0,116,256,176,0.0625,84,60,20
500,45,0.1039,0,0.35,0.5,0.5,0.0739,0,115,256,180,0.0611,83,60,20
500,55,0.08,0,0.4,0.5,0.5,0.0558,0,101,256,176,0.0455,69,47,20
500,45,0.0417,0,0.45,0.5,0.5,0.0498,0,104,256,169,0.0533,72,51,20
500,81,0.039,0,0.5,0.5,0.5,0.0309,0,81,256,182,0.0275,49,34,20
500,65,0.0682,0,0.05,0.5,0.5,0.0433,0,81,256,166,0.0301,19,33,20
500,70,0.0217,0,0.1,0.5,0.5,0.034,0,83,256,173,0.0405,51,43,20
500,26,0.0465,0,0.15,0.5,0.5,0.0607,0,115,256,161,0.0683,83,58,20
500,27,0.0674,0,0.2,0.5,0.5,0.0778,0,121,256,168,0.0833,89,70,20
500,19,0.0323,0,0.25,0.5,0.5,0.0677,0,134,256,173,0.0867,102,74,20
500,53,0.0337,0,0.3,0.5,0.5,0.0431,0,93,256,166,0.0482,61,47,20
500,31,0.0741,0,0.35,0.5,0.5,0.0647,0,100,256,151,0.0596,68,50,20
500,39,0.0482,0,0.4,0.5,0.5,0.0504,0,96,256,155,0.0516,64,46,20
500,50,0.0353,0,0.45,0.5,0.5,0.0412,0,88,256,158,0.0443,56,42,20
500,57,0.0562,0,0.5,0.5,0.5,0.0471,0,89,256,166,0.0422,57,42,20
510,74,0,0,0.1,0.5,0.5,0.0526,0,129,256,223,0.0583,97,72,20
510,68,0.087,0,0.2,0.5,0.5,0.063,0,127,256,215,0.0605,95,71,20
510,69,0.0833,0,0.3,0.5,0.5,0.065,0,133,256,222,0.0631,101,76,20
510,100,0.0741,0,0.4,0.5,0.5,0.048,0,124,256,244,0.0451,92,65,20
510,99,0,0,0.5,0.5,0.5,0.0471,0,130,256,249,0.0522,98,74,20
510,84,0.0385,0,0.6,0.5,0.5,0.057,0,133,256,237,0.0591,101,77,20
510,102,0.037,0,0.7,0.5,0.5,0.0507,0,127,256,249,0.0522,95,74,20
510,98,0,0,0.8,0.5,0.5,0.0428,0,114,256,232,0.0474,82,64,20
510,130,0,0,0.9,0.5,0.5,0.0324,0,101,256,251,0.0359,69,56,20
510,102,0,0,1,0.5,0.5,0.049,0,136,256,258,0.0543,104,79,20
510,86,0.04,0,0.05,0.5,0.5,0.052,0,119,256,225,0.0533,87,68,20
510,110,0.0714,0,0.25,0.5,0.5,0.0458,0,126,256,256,0.043,94,66,20
510,84,0.08,0,0.35,0.5,0.5,0.0506,0,128,256,232,0.0474,96,64,20
510,101,0.0185,0,0.45,0.5,0.5,0.0333,0,95,256,216,0.037,63,50,20
510,69,0.0833,0,0.65,0.5,0.5,0.062,0,129,256,218,0.0596,97,72,20
510,84,0.0833,0,0.75,0.5,0.5,0.0456,0,113,256,217,0.0415,81,55,20
510,104,0,0,0.85,0.5,0.5,0.0354,0,105,256,229,0.0393,73,55,20
510,58,0,0,0.95,0.5,0.5,0.065,0,144,256,222,0.0721,112,83,20
510,61,0.08,0,0.25,0.5,0.5,0.0669,0,123,256,204,0.637,91,70,20
510,42,0.0192,0,0.3,0.5,0.5,0.072,0,150,256,212,0.0849,118,89,20
510,96,0.02,0,0.35,0.5,0.5,0.0316,0,87,256,203,0.0345,55,44,20
510,68,0.0833,0,0.4,0.5,0.5,0.0535,0,107,256,195,0.0462,75,53,20
510,70,0.0612,0,0.45,0.5,0.5,0.0486,0,108,256,198,0.0455,76,53,20
510,88,0.0408,0,0.5,0.5,0.5,0.0367,0,88,256,196,0.0357,56,44,20
510,73,0.588,0,0.55,0.5,0.5,0.0541,0,115,256,208,0.0529,83,63,20
510,52,0.0417,0,0.6,0.5,0.5,0.0622,0,121,256,193,0.0674,89,69,20
510,72,0.0588,0,0.65,0.5,0.5,0.0541,0,116,256,208,0.0529,84,63,20
510,60,0,0,0.7,0.5,0.5,0.0453,0,115,256,195,0.0564,83,62,20
510,103,0.0204,0,0.75,0.5,0.5,0.0565,8,76,256,199,0.0251,44,34,20
510,84,0.0426,0,0.8,0.5,0.5,0.0378,0,87,256,191,0.0366,55,44,20
510,78,0.0612,0,0.85,0.5,0.5,0.0444,0,101,256,199,0.0402,69,49,20
510,83,0.0588,0,0.9,0.5,0.5,0.0463,0,105,256,208,0.0433,73,54,20
510,77,0.0392,0,0.95,0.5,0.5,0.0508,0,108,256,205,0.0537,76,52,20
510,76,0.0204,0,0.2,0.5,0.5,0.0444,0,103,256,199,0.0503,71,58,20
510,58,0.1176,0,0.2,0.5,0.5,0.0659,0,129,256,207,0.0531,97,63,20
510,91,0.0577,0,0.2,0.5,0.5,0.0379,0,101,256,212,0.033,69,45,20
510,47,0.1538,0,0.2,0.5,0.5,0.0843,0,142,256,209,0.067,110,75,20
510,59,0.02,0,0.2,0.5,0.5,0.0593,0,124,256,203,0.069,92,74,20
510,87,0.0741,0,0.2,0.5,0.5,0.048,0,110,256,217,0.0415,78,55,20
510,38,0,0,0.2,0.5,0.5,0.0677,0,146,256,204,0.0833,114,85,20
510,85,0.0556,0,0.2,0.5,0.5,0.0478,0,113,256,218,0.0459,81,59,20
510,97,0.04,0,0.2,0.5,0.5,0.032,0,83,256,200,0.03,51,39,20
510,53,0.1,0,0.2,0.5,0.5,0.0717,0,128,256,201,0.0647,96,70,20
510,72,0.0833,0,0.2,0.5,0.5,0.0492,0,104,256,196,0.0408,72,49,20
510,83,0.0204,0,0.2,0.5,0.5,0.0407,0,94,256,197,0.0457,62,53,20
510,92,0.0392,0,0.2,0.5,0.5,0.0386,0,96,256,208,0.0385,64,49,20
510,67,0.0208,0,0.2,0.5,0.5,0.0494,0,108,256,195,0.0564,76,62,20
510,77,0.0588,0,0.2,0.5,0.5,0.0465,0,110,256,207,0.0435,78,54,20
510,76,0.0392,0,0.2,0.5,0.5,0.0541,0,112,256,208,0.0577,80,67,20
510,63,0.0435,0,0.2,0.5,0.5,0.0558,0,104,256,187,0.0588,72,61,20
510,90,0.0385,0,0.2,0.5,0.5,0.0455,0,102,256,212,0.0472,70,59,20
510,66,0.0588,0,0.2,0.5,0.5,0.0586,0,119,256,205,0.0585,87,66,20
510,81,0.06,0,0.2,0.5,0.5,0.0433,0,103,256,204,0.0392,71,49,20
510,80,0.0392,0,0.2,0.5,0.5,0.0467,0,106,256,206,0.0485,74,58,20
510,93,0.0208,0,0.2,0.5,0.5,0.0292,0,79,256,192,0.0313,47,39,20
510,97,0.0192,0,0.2,0.5,0.5,0.0342,0,94,256,211,0.0379,62,50,20
510,56,0.0189,0,0.2,0.5,0.5,0.0639,0,137,256,213,0.0751,105,82,20
510,81,0.0566,0,0.2,0.5,0.5,0.0491,0,111,256,212,0.0472,79,59,20
510,85,0.04,0,0.2,0.5,0.5,0.0433,0,99,256,204,0.0441,67,54,20
510,56,0.1064,0,0.2,0.5,0.5,0.0638,0,112,256,188,0.0532,80,57,20
510,77,0.0385,0,0.2,0.5,0.5,0.0492,0,115,256,212,0.0519,83,63,20
510,65,0.0577,0,0.2,0.5,0.5,0.0611,0,125,256,210,0.0619,93,71,20
510,77,0.0612,0,0.2,0.5,0.5,0.0402,0,103,256,200,0.035,71,44,20
510,79,0.06,0,0.2,0.5,0.5,0.0438,0,102,256,201,0.0398,70,49,20
510,50,0.102,0,0.2,0.5,0.5,0.0735,0,126,256,196,0.0663,94,70,20
510,66,0.0784,0,0.2,0.5,0.5,0.0625,0,119,256,205,0.0585,87,66,20
510,93,0.0208,0,0.2,0.5,0.5,0.0288,0,82,256,195,0.0308,50,39,20
510,111,0.0392,0,0.2,0.5,0.5,0.0234,0,74,256,205,0.0195,42,29,20
510,54,0.0784,0,0.2,0.5,0.5,0.0736,0,133,256,207,0.0725,101,78,20
510,108,0.0204,0,0.2,0.5,0.5,0.0204,0,68,256,196,0.0204,36,29,20
510,72,0,0,0.2,0.5,0.5,0.0449,0,122,256,214,0.0561,90,67,20
510,64,0.0755,0,0.2,0.5,0.5,0.0709,0,131,256,215,0.0698,99,79,20
510,79,0.04,0,0.2,0.5,0.5,0.0474,0,104,256,203,0.0493,72,58,20
510,74,0.02,0,0.2,0.5,0.5,0.0476,0,108,256,202,0.0545,76,62,20
510,79,0.0962,0,0.2,0.5,0.5,0.0568,0,113,256,212,0.0472,81,59,20
510,86,0.0784,0,0.2,0.5,0.5,0.0428,0,100,256,206,0.034,68,45,20
510,81,0.0588,0,0.2,0.5,0.5,0.0431,0,103,256,204,0.0392,71,49,20
510,82,0.0426,0,0.2,0.5,0.5,0.038,0,88,256,190,0.0368,56,44,20
510,87,0.08,0,0.2,0.5,0.5,0.036,0,93,256,200,0.025,61,34,20
510,85,0.0588,0,0.2,0.5,0.5,0.0425,0,103,256,208,0.0385,71,49,20
510,83,0.02,0,0.2,0.5,0.5,0.0435,0,100,256,203,0.0493,68,58,20
510,65,0.0426,0,0.2,0.5,0.5,0.0546,0,106,256,191,0.0576,74,61,20
510,75,0.0208,0,0.2,0.5,0.5,0.0417,0,97,256,192,0.0469,65,53,20
510,89,0.0189,0,0.2,0.5,0.5,0.0415,0,103,256,212,0.0472,71,59,20
510,57,0.125,0,0.2,0.5,0.5,0.0625,0,115,256,192,0.0469,83,53,20
510,60,0.06,0,0.2,0.5,0.5,0.0598,0,121,256,201,0.0597,89,66,20
510,71,0.06,0,0.2,0.5,0.5,0.0516,0,111,256,202,0.0495,79,58,20
510,62,0.1176,0,0.2,0.5,0.5,0.062,0,125,256,207,0.0483,93,58,20
510,72,0.0588,0,0.2,0.5,0.5,0.0543,0,115,256,207,0.0531,83,63,20
510,93,0.0385,0,0.2,0.5,0.5,0.0385,0,95,256,208,0.0385,63,49,20
510,87,0.0189,0,0.2,0.5,0.5,0.0449,0,107,256,214,0.0514,75,63,20
510,82,0.0943,0,0.2,0.5,0.5,0.052,0,114,256,216,0.0417,82,54,20
510,74,0.02,0,0.2,0.5,0.5,0.0472,0,110,256,204,0.0539,78,62,20
510,90,0.0566,0,0.2,0.5,0.5,0.0412,0,104,256,214,0.0374,72,50,20
510,77,0.0417,0,0.2,0.5,0.5,0.0456,0,96,256,193,0.0466,64,53,20
510,84,0.0556,0,0.2,0.5,0.5,0.0515,0,114,256,218,0.0505,82,63,20
510,71,0.02,0,0.2,0.5,0.5,0.0598,2,110,256,201,0.0597,78,66,20
510,88,0.0612,0,0.2,0.5,0.5,0.0323,0,91,256,199,0.0251,59,34,20
510,93,0.0392,0,0.2,0.5,0.5,0.0388,0,94,256,207,0.0386,62,49,20
510,68,0.0638,0,0.2,0.5,0.5,0.0464,0,102,256,190,0.0421,70,48,20
510,90,0.0213,0,0.2,0.5,0.5,0.0293,0,82,256,192,0.0313,50,39,20
510,87,0.0755,0,0.2,0.5,0.5,0.0522,0,108,256,215,0.0465,76,59,20
510,47,0.0426,0,0.2,0.5,0.5,0.0669,0,125,256,192,0.0729,93,73,20
510,61,0.1064,0,0.2,0.5,0.5,0.0593,0,108,256,189,0.0476,76,53,20
510,73,0.0612,0,0.2,0.5,0.5,0.0447,0,104,256,197,0.0406,72,49,20
510,62,0.0417,0,0.2,0.5,0.5,0.0615,0,114,256,196,0.0663,82,70,20
510,100,0.0189,0,0.2,0.5,0.5,0.034,0,92,256,212,0.0377,60,50,20
510,95,0.0196,0,0.2,0.5,0.5,0.0425,2,93,256,208,0.0385,61,49,20
510,61,0.0612,0,0.2,0.5,0.5,0.0567,0,117,256,198,0.0556,85,62,20
510,62,0.0612,0,0.2,0.5,0.5,0.0562,0,118,256,200,0.055,86,62,20
510,74,0.0588,0,0.2,0.5,0.5,0.051,0,110,256,204,0.049,78,58,20
510,80,0.0556,0,0.2,0.5,0.5,0.0519,0,116,256,216,0.0509,84,63,20
510,47,0,0,0.2,0.5,0.5,0.0615,0,141,256,208,0.0769,109,82,20
510,106,0.0714,0,0.2,0.5,0.5,0.0389,0,101,256,227,0.0308,69,46,20
510,91,0.0577,0,0.2,0.5,0.5,0.0383,0,98,256,209,0.0335,66,45,20
510,79,0.0577,0,0.2,0.5,0.5,0.0498,0,110,256,209,0.0478,78,58,20
510,102,0.0377,0,0.2,0.5,0.5,0.0337,0,92,256,214,0.0327,60,45,20
510,95,0,0,0.2,0.5,0.5,0.0335,0,101,256,216,0.0417,69,54,20
510,109,0,0,0.2,0.5,0.5,0.0226,0,84,256,213,0.0282,52,40,20
510,61,0.102,0,0.2,0.5,0.5,0.0648,0,117,256,198,0.0556,85,62,20
510,93,0.0408,0,0.2,0.5,0.5,0.0361,0,87,256,200,0.035,55,44,20
510,58,0,0,0.2,0.5,0.5,0.0478,0,123,256,201,0.0597,91,66,20
510,29,0.0323,0,0.05,0.5,0.5,0.0482,2,76,256,125,0.048,44,35,20
510,33,0.0692,0,0.1,0.5,0.5,0.0536,0,78,256,131,0.0382,46,31,20
510,16,0.0517,0,0.15,0.5,0.5,0.0515,0,81,256,117,0.0513,49,35,20
510,44,0.0373,0,0.2,0.5,0.5,0.0372,0,71,256,135,0.037,39,31,20
510,14,0.0534,0,0.25,0.5,0.5,0.0611,0,97,256,131,0.0687,65,48,20
510,27,0.0308,0,0.3,0.5,0.5,0.0421,0,84,256,131,0.0534,52,40,20
520,62,0,0,0,0.5,0.5,0.0494,0,181,256,263,0.0494,149,75,20
520,52,0,0,0.05,0.5,0.5,0.0727,0,203,256,275,0.0727,171,104,20
520,68,0,0,0.1,0.5,0.5,0.0385,0,172,256,260,0.0385,140,62,20
520,52,0,0,0.15,0.5,0.5,0.0551,0,182,256,254,0.0551,150,79,20
520,55,0,0,0.2,0.5,0.5,0.0415,0,166,256,241,0.0415,134,61,20
520,62,0,0,0.25,0.5,0.5,0.0524,0,185,256,267,0.0524,153,80,20
520,74,0,0,0.3,0.5,0.5,0.0409,0,175,256,269,0.0409,143,67,20
520,68,0,0,0.35,0.5,0.5,0.0417,0,176,256,264,0.0417,144,66,20
520,85,0,0,0.4,0.5,0.5,0.0357,0,175,256,280,0.0357,143,63,20
520,44,0,0,0.45,0.5,0.5,0.0734,0,195,256,259,0.0734,163,98,20
520,67,0,0,0.5,0.5,0.5,0.0383,0,174,256,261,0.0383,142,62,20
520,58,0,0,0.55,0.5,0.5,0.0693,0,196,256,274,0.0693,164,100,20
520,51,0,0,0.6,0.5,0.5,0.0558,0,180,256,251,0.0558,148,78,20
520,66,0,0,0.65,0.5,0.5,0.0453,0,179,256,265,0.0453,147,71,20
520,63,0,0,0.7,0.5,0.5,0.0522,0,185,256,268,0.0522,153,80,20
520,65,0,0,0.75,0.5,0.5,0.0451,0,181,256,266,0.0451,149,71,20
520,53,0,0,0.8,0.5,0.5,0.558,0,178,256,251,0.0558,146,78,20
520,68,0,0,0.85,0.5,0.5,0.0444,0,182,256,270,0.0444,150,71,20
520,67,0,0,0.9,0.5,0.5,0.0321,0,162,256,249,0.0321,130,52,20
520,44,0,0,0.95,0.5,0.5,0.064,0,186,256,250,0.064,154,86,20
520,66,0,0,1,0.5,0.5,0.0549,0,187,256,273,0.0549,155,84,20
520,85,0,0,0,0.5,0.5,0.0567,0,130,256,235,0.0596,98,77,20
520,104,0,0,0.05,0.5,0.5,0.0469,0,120,256,244,0.0492,88,70,20
520,98,0,0,0.1,0.5,0.5,0.0478,0,121,256,239,0.0502,89,69,20
520,120,0,0,0.15,0.5,0.5,0.0383,0,108,256,248,0.0403,76,61,20
520,62,0,0,0.2,0.5,0.5,0.734,0,165,256,247,0.0759,133,97,20
520,97,0,0,0.25,0.5,0.5,0.0455,0,113,256,230,0.0478,81,64,20
520,78,0,0,0.3,0.5,0.5,0.06,0,140,256,238,0.063,81,76,20
520,126,0,0,0.35,0.5,0.5,0.0341,0,105,256,251,0.0359,73,56,20
520,106,0,0,0.4,0.5,0.5,0.0431,0,117,256,243,0.0453,85,65,20
520,113,0,0,0.45,0.5,0.5,0.0418,0,117,256,250,0.044,85,66,20
520,94,0,0,0.5,0.5,0.5,0.0484,0,123,256,237,0.0506,91,69,20
520,94,0,0,0.55,0.5,0.5,0.0534,0,135,256,249,0.0562,103,78,20
520,119,0,0,0.6,0.5,0.5,0.0319,0,100,256,239,0.0335,68,51,20
520,118,0,0,0.65,0.5,0.5,0.032,0,100,256,238,0.0336,68,51,20
520,101,0,0,0.7,0.5,0.5,0.0442,0,116,256,237,0.0464,84,65,20
520,98,0,0,0.75,0.5,0.5,0.051,0,125,256,243,0.0535,93,78,20
520,125,0,0,0.8,0.5,0.5,0.0342,0,105,256,250,0.036,73,56,20
520,91,0,0,0.85,0.5,0.5,0.0588,0,148,256,259,0.0618,116,87,20
520,84,0,0,0.9,0.5,0.5,0.0472,0,118,256,222,0.0495,86,64,20
520,141,0,0,0.95,0.5,0.5,0.0261,0,94,256,255,0.0275,62,47,20
520,83,0,0,0.1,0.5,0.5,0.0558,0,136,256,239,0.0586,104,77,20
520,148,0,0,0,0.5,0.5,0.019,0,82,256,250,0.02,50,36,20
520,94,0,0,0.05,0.5,0.5,0.0512,0,128,256,242,0.0537,96,74,20
520,102,0,0,0.1,0.5,0.5,0.0467,0,123,256,245,0.049,91,70,20
520,71,0,0,0.15,0.5,0.5,0.0658,0,140,256,231,0.0693,108,84,20
520,115,0,0,0.2,0.5,0.5,0.0464,0,131,256,266,0.0489,99,75,20
520,83,0,0,0.25,0.5,0.5,0.0508,0,122,256,225,0.0533,90,68,20
520,67,0,0,0.3,0.5,0.5,0.0711,0,154,256,241,0.0747,122,93,20
520,109,0,0,0.35,0.5,0.5,0.0478,0,130,256,259,0.0502,98,75,20
520,106,0,0,0.4,0.5,0.5,0.0566,2,126,256,252,0.0516,94,74,20
520,95,0,0,0.45,0.5,0.5,0.053,0,136,256,251,0.0558,104,78,20
520,54,0,0,0.5,0.5,0.5,0.0805,0,174,256,248,0.0847,142,104,20
520,129,0,0,0.55,0.5,0.5,0.0336,0,106,256,255,0.0353,74,57,20
520,125,0,0,0.6,0.5,0.5,0.0377,0,107,256,252,0.0397,75,61,20
520,98,0,0,0.65,0.5,0.5,0.0451,0,114,256,232,0.0474,82,64,20
520,108,0,0,0.7,0.5,0.5,0.0302,0,93,256,221,0.0317,61,45,20
520,81,0,0,0.75,0.5,0.5,0.0588,0,142,256,243,0.0617,110,82,20
520,94,0,0,0.8,0.5,0.5,0.052,0,124,256,238,0.0546,92,73,20
520,105,0,0,0.85,0.5,0.5,0.0469,0,119,256,244,0.0492,87,70,20
520,55,0,0,0.9,0.5,0.5,0.0735,0,158,256,233,0.0773,126,92,20
520,94,0,0,0.95,0.5,0.5,0.0535,0,136,256,250,0.056,104,78,20
520,111,0,0,1,0.5,0.5,0.0448,0,124,256,255,0.0471,92,70,20
520,108,0,0,0,0.5,0.5,0.0426,0,118,256,246,0.0447,86,65,20
520,83,0,0,0.05,0.5,0.5,0.0608,0,147,256,250,0.064,115,86,20
520,76,0,0,0.1,0.5,0.5,0.0576,0,135,256,231,0.0606,103,77,20
520,91,0,0,0.15,0.5,0.5,0.0564,0,142,256,253,0.0593,110,83,20
520,136,0,0,0.2,0.5,0.5,0.0299,0,99,256,255,0.0314,67,52,20
520,112,0,0,0.25,0.5,0.5,0.043,0,112,256,244,0.0451,80,65,20
520,141,0,0,0.3,0.5,0.5,0.032,0,106,256,267,0.0337,74,57,20
520,89,0,0,0.35,0.5,0.5,0.057,0,141,256,250,0.06,109,82,20
520,85,0,0,0.4,0.5,0.5,0.0565,0,131,256,236,0.0593,99,77,20
520,119,0,0,0.45,0.5,0.5,0.035,0,106,256,245,0.0367,74,56,20
520,111,0,0,0.5,0.5,0.5,0.0369,0,101,256,232,0.0388,69,55,20
520,86,0,0,0.55,0.5,0.5,0.0586,0,138,256,244,0.0615,106,82,20
520,114,0,0,0.6,0.5,0.5,0.0421,0,114,256,248,0.0444,82,65,20
520,116,0,0,0.65,0.5,0.5,0.0412,0,118,256,254,0.0433,86,66,20
520,98,0,0,0.7,0.5,0.5,0.0512,0,124,256,242,0.0537,92,74,20
520,118,0,0,0.75,0.5,0.5,0.0383,0,111,256,249,0.0402,79,61,20
520,92,0,0,0.8,0.5,0.5,0.0547,0,132,256,244,0.0574,100,78,20
520,134,0,0,0.85,0.5,0.5,0.0335,0,102,256,256,0.0352,70,57,20
520,87,0,0,0.9,0.5,0.5,0.0495,0,123,256,230,0.0522,91,68,20
520,111,0,0,0.95,0.5,0.5,0.042,0,118,256,249,0.0442,86,66,20
520,114,0,0,1,0.5,0.5,0.0389,0,111,256,245,0.0408,79,61,20
520,80,0,0,0,0.5,0.5,0.0574,0,132,256,232,0.0603,100,77,20
520,101,0,0,0.05,0.5,0.5,0.0543,0,142,256,263,0.057,110,83,20
520,114,0,0,0.1,0.5,0.5,0.0421,0,114,256,248,0.0444,82,65,20
520,104,0,0,0.15,0.5,0.5,0.0469,0,120,256,244,0.0492,88,70,20
520,126,0,0,0.2,0.5,0.5,0.031,0,100,256,246,0.0325,68,51,20
520,102,0,0,0.25,0.5,0.5,0.0498,0,126,256,248,0.0524,94,74,20
520,117,0,0,0.3,0.5,0.5,0.041,0,118,256,255,0.0431,86,66,20
520,110,0,0,0.35,0.5,0.5,0.0403,0,106,256,236,0.0424,74,60,20
520,119,0,0,0.4,0.5,0.5,0.0385,0,108,256,247,0.0405,76,61,20
520,91,0,0,0.45,0.5,0.5,0.0588,0,148,256,259,0.0618,116,87,20
520,112,0,0,0.5,0.5,0.5,0.036,0,106,256,238,0.0378,74,56,20
520,118,0,0,0.55,0.5,0.5,0.0469,0,126,256,264,0.0492,94,75,20
520,122,0,0,0.6,0.5,0.5,0.0375,0,112,256,254,0.0394,80,61,20
520,114,0,0,0.65,0.5,0.5,0.0421,0,114,256,248,0.0444,82,65,20
520,108,0,0,0.7,0.5,0.5,0.0462,0,119,256,247,0.0486,87,70,20
520,90,0,0,0.75,0.5,0.5,0.0575,0,138,256,248,0.0605,106,82,20
520,106,0,0,0.8,0.5,0.5,0.0469,0,118,256,244,0.0492,86,70,20
520,92,0,0,0.85,0.5,0.5,0.0547,0,132,256,244,0.0574,100,78,20
520,112,0,0,0.9,0.5,0.5,0.0392,0,111,256,243,0.0412,79,61,20
520,87,0,0,0.95,0.5,0.5,0.0573,0,142,256,249,0.0602,110,82,20
520,105,0,0,1,0.5,0.5,0.037,0,106,256,231,0.039,74,55,20
520,88,0,0,0,0.5,0.5,0.057,0,142,256,250,0.06,110,82,20
520,97,0,0,0.05,0.5,0.5,0.0578,0,147,256,264,0.0606,115,88,20
520,106,0,0,0.1,0.5,0.5,0.0485,0,129,256,255,0.051,97,75,20
520,96,0,0,0.15,0.5,0.5,0.0478,0,123,256,239,0.0502,91,69,20
520,111,0,0,0.2,0.5,0.5,0.0369,0,101,256,232,0.0388,69,55,20
520,95,0,0,0.25,0.5,0.5,0.048,0,123,256,238,0.0504,91,69,20
520,130,0,0,0.3,0.5,0.5,0.0397,0,114,256,264,0.0417,82,66,20
520,126,0,0,0.35,0.5,0.5,0.0341,0,105,256,251,0.0359,73,56,20
520,109,0,0,0.4,0.5,0.5,0.0451,0,124,256,253,0.0474,92,70,20
520,118,0,0,0.45,0.5,0.5,0.0469,0,126,256,264,0.0492,94,75,20
520,98,0,0,0.5,0.5,0.5,0.0372,0,124,256,242,0.0496,92,69,20
520,99,0,0,0.55,0.5,0.5,0.0445,0,116,256,235,0.0468,84,65,20
520,97,0,0,0.6,0.5,0.5,0.0415,0,112,256,229,0.0437,80,60,20
520,71,0,0,0.65,0.5,0.5,0.0661,0,154,256,245,0.694,122,90,20
520,115,0,0,0.7,0.5,0.5,0.0441,0,124,256,259,0.0463,92,71,20
520,73,0,0,0.75,0.5,0.5,0.0698,0,153,256,246,0.0732,121,93,20
520,76,0,0,0.8,0.5,0.5,0.0649,0,153,256,249,0.0683,121,90,20
520,49,0,0,0.85,0.5,0.5,0.0797,0,170,256,239,0.0837,138,100,20
520,71,0,0,0.9,0.5,0.5,0.064,0,147,256,238,0.0672,115,85,20
520,100,0,0,0.95,0.5,0.5,0.053,0,131,256,251,0.0558,99,78,20
520,127,0,0,1,0.5,0.5,0.0338,0,106,256,253,0.0356,74,57,20
520,125,0,0,0,0.5,0.5,0.0211,0,81,256,226,0.0221,49,35,20
520,75,0,0,0.05,0.5,0.5,0.0664,0,149,256,244,0.0697,117,89,20
520,103,0,0,0.1,0.5,0.5,0.0435,0,118,256,241,0.0456,86,65,20
520,110,0,0,0.15,0.5,0.5,0.0426,0,116,256,246,0.0447,84,65,20
520,60,0,0,0.2,0.5,0.5,0.072,0,158,256,238,0.0756,126,93,20
520,102,0,0,0.25,0.5,0.5,0.0543,2,124,256,246,0.0488,92,70,20
520,105,0,0,0.3,0.5,0.5,0.0458,0,124,256,249,0.0482,92,70,20
520,81,0,0,0.35,0.5,0.5,0.0644,0,150,256,251,0.0677,118,90,20
520,61,0,0,0.4,0.5,0.5,0.0751,0,160,256,241,0.0788,128,96,20
520,89,0,0,0.45,0.5,0.5,0.0545,0,136,256,245,0.0571,104,78,20
520,101,0,0,0.5,0.5,0.5,0.0345,0,100,256,221,0.0362,68,50,20
520,81,0,0,0.55,0.5,0.5,0.0651,0,147,256,248,0.0685,115,90,20
520,114,0,0,0.6,0.5,0.5,0.0524,4,102,256,236,0.0381,70,56,20
520,93,0,0,0.65,0.5,0.5,0.0534,0,136,256,249,0.0562,104,78,20
520,121,0,0,0.7,0.5,0.5,0.0346,0,106,256,247,0.0364,74,56,20
520,131,0,0,0.75,0.5,0.5,0.0272,0,94,256,245,0.0286,62,46,20
520,120,0,0,0.8,0.5,0.5,0.032,0,98,256,238,0.0336,66,51,20
520,118,0,0,0.85,0.5,0.5,0.0415,0,114,256,259,0.0437,82,66,20
520,111,0,0,0.9,0.5,0.5,0.042,0,118,256,249,0.0442,86,66,20
520,74,0,0,0.95,0.5,0.5,0.0654,0,153,256,247,0.0688,121,90,20
520,144,0,0,1,0.5,0.5,0.0232,0,83,256,247,0.0243,51,41,20
520,131,0,0,0,0.5,0.5,0.0435,2,112,256,263,0.038,80,62,20
520,131,0,0,0.05,0.5,0.5,0.0362,0,112,256,263,0.038,80,62,20
520,142,0,0,0.1,0.5,0.5,0.038,4,88,256,250,0.024,56,41,20
520,100,0,0,0.15,0.5,0.5,0.0494,0,130,256,250,0.052,98,74,20
520,84,0,0,0.2,0.5,0.5,0.0531,0,129,256,233,0.0558,97,73,20
520,120,0,0,0.25,0.5,0.5,0.035,0,105,256,245,0.0367,73,56,20
520,118,0,0,0.3,0.5,0.5,0.0415,0,114,256,252,0.0437,82,66,20
520,102,0,0,0.35,0.5,0.5,0.0383,0,102,256,224,0.0402,70,55,20
520,127,0,0,0.4,0.5,0.5,0.0342,0,103,256,250,0.036,71,56,20
520,102,0,0,0.45,0.5,0.5,0.0378,0,105,256,227,0.0396,73,55,20
520,129,0,0,0.5,0.5,0.5,0.0353,2,94,256,243,0.0288,62,46,20
520,96,0,0,0.55,0.5,0.5,0.0586,0,144,256,260,0.0615,112,87,20
520,149,0,0,0.6,0.5,0.5,0.0333,2,88,256,257,0.0257,56,47,20
520,121,0,0,0.65,0.5,0.5,0.0404,0,118,256,259,0.0425,86,66,20
520,119,0,0,0.7,0.5,0.5,0.0321,0,98,256,237,0.0338,66,51,20
520,124,0,0,0.75,0.5,0.5,0.0377,0,108,256,252,0.0397,76,61,20
520,94,0,0,0.8,0.5,0.5,0.051,0,129,256,243,0.0535,97,74,20
520,113,0,0,0.85,0.5,0.5,0.0423,0,114,256,247,0.0445,82,65,20
520,165,0,0,0.9,0.5,0.5,0.0486,8,89,256,274,0.0219,57,42,20
520,88,0,0,0.95,0.5,0.5,0.0551,0,136,256,242,0.0579,104,78,20
520,155,0,0,1,0.5,0.5,0.0221,0,83,256,258,0.0233,51,42,20
520,127,0,0,0,0.5,0.5,0.0396,0,118,256,265,0.0415,86,67,20
520,137,0,0,0.05,0.5,0.5,0.0563,6,113,256,270,0.037,81,62,20
520,116,0,0,0.1,0.5,0.5,0.0385,0,111,256,247,0.0405,79,61,20
520,101,0,0,0.15,0.5,0.5,0.0492,0,130,256,251,0.0518,98,74,20
520,106,0,0,0.2,0.5,0.5,0.0542,0,138,256,264,0.0568,106,84,20
520,119,0,0,0.25,0.5,0.5,0.0407,0,118,256,257,0.0428,86,66,20
520,100,0,0,0.3,0.5,0.5,0.0471,0,123,256,243,0.0494,91,69,20
520,95,0,0,0.35,0.5,0.5,0.0482,0,122,256,237,0.0506,90,69,20
520,171,0,0,0.4,0.5,0.5,0.109,0,70,256,261,0.0115,38,24,20
520,132,0,0,0.45,0.5,0.5,0.0332,0,106,256,258,0.0349,74,57,20
520,93,0,0,0.5,0.5,0.5,0.0534,0,136,256,249,0.0562,104,78,20
520,148,0,0,0.55,0.5,0.5,0.0254,0,95,256,263,0.0266,63,47,20
520,93,0,0,0.6,0.5,0.5,0.051,0,130,256,243,0.0535,98,74,20
520,108,0,0,0.65,0.5,0.5,0.0554,2,130,256,258,0.504,98,75,20
520,75,0,0,0.7,0.5,0.5,0.0654,0,152,256,247,0.0688,120,90,20
520,111,0,0,0.75,0.5,0.5,0.0392,0,112,256,243,0.0412,80,61,20
520,96,0,0,0.8,0.5,0.5,0.0536,0,132,256,248,0.0565,100,78,20
520,87,0,0,0.85,0.5,0.5,0.0577,0,140,256,247,0.0607,108,82,20
520,97,0,0,0.9,0.5,0.5,0.0502,0,130,256,247,0.0526,98,74,20
520,68,0,0,0.95,0.5,0.5,0.0692,0,159,256,247,0.0729,127,94,20
520,105,0,0,1,0.5,0.5,0.0634,4,130,256,255,0.051,98,75,20
520,100,0,0,0,0.5,0.5,0.0471,0,123,256,243,0.0494,91,69,20
520,84,0,0,0.05,0.5,0.5,0.0565,0,132,256,236,0.0593,100,77,20
520,94,0,0,0.1,0.5,0.5,0.0566,0,138,256,252,0.0595,106,83,20
520,102,0,0,0.15,0.5,0.5,0.0407,0,112,256,234,0.0427,80,60,20
520,112,0,0,0.2,0.5,0.5,0.042,0,118,256,249,0.0442,86,66,20
520,88,0,0,0.25,0.5,0.5,0.0618,0,154,256,262,0.0649,112,91,20
520,82,0,0,0.3,0.5,0.5,0.0611,0,147,256,249,0.0643,115,86,20
520,117,0,0,0.35,0.5,0.5,0.0354,0,105,256,242,0.0372,73,56,20
520,106,0,0,0.4,0.5,0.5,0.0458,0,123,256,249,0.0482,91,70,20
520,107,0,0,0.45,0.5,0.5,0.0437,0,113,256,240,0.0458,81,65,20
520,111,0,0,0.5,0.5,0.5,0.0361,0,106,256,237,0.038,74,56,20
520,107,0,0,0.55,0.5,0.5,0.0456,0,123,256,250,0.048,91,70,20
520,72,0,0,0.6,0.5,0.5,0.069,0,156,256,248,0.0726,124,94,20
520,100,0,0,0.65,0.5,0.5,0.0545,0,142,256,262,0.0573,110,83,20
520,92,0,0,0.7,0.5,0.5,0.0564,0,121,256,253,0.0593,109,83,20
520,103,0,0,0.75,0.5,0.5,0.0465,0,123,256,246,0.0488,91,70,20
520,110,0,0,0.8,0.5,0.5,0.0451,0,123,256,253,0.0474,91,70,20
520,95,0,0,0.85,0.5,0.5,0.053,0,136,256,251,0.0558,104,78,20
520,117,0,0,0.9,0.5,0.5,0.041,0,118,256,255,0.0431,86,66,20
520,94,0,0,0.95,0.5,0.5,0.051,0,129,256,243,0.0535,97,74,20
520,80,0,0,1,0.5,0.5,0.0569,0,134,256,234,0.0598,102,77,20
520,117,0,0,0,0.5,0.5,0.0353,0,106,256,243,0.037,74,56,20
520,95,0,0,0.05,0.5,0.5,0.0458,0,113,256,228,0.0482,81,64,20
520,147,0,0,0.1,0.5,0.5,0.0289,0,97,256,264,0.0302,77,47,20
520,115,0,0,0.15,0.5,0.5,0.0385,0,112,256,247,0.0405,80,61,20
520,117,0,0,0.2,0.5,0.5,0.0385,0,112,256,247,0.0405,80,61,20
520,96,0,0,0.25,0.5,0.5,0.053,0,135,256,251,0.0558,103,78,20
520,112,0,0,0.2,0.5,0.5,0.0316,0,99,256,241,0.0332,67,51,20
520,92,0,0,0.25,0.5,0.5,0.0488,0,122,256,234,0.0513,90,69,20
520,88,0,0,0.3,0.5,0.5,0.0604,0,144,256,252,0.0635,112,86,20
520,95,0,0,0.35,0.5,0.5,0.0486,0,124,256,235,0.0511,92,69,20
520,131,0,0,0.4,0.5,0.5,0.0455,4,100,256,251,0.0319,68,52,20
520,77,0,0,0.45,0.5,0.5,0.0683,2,140,256,237,0.0633,108,81,20
520,116,0,0,0.5,0.5,0.5,0.0356,0,105,256,241,0.0373,73,56,20
520,112,0,0,0.55,0.5,0.5,0.0473,0,130,256,262,0.0496,98,75,20
520,110,0,0,0.6,0.5,0.5,0.0423,0,117,256,247,0.0445,85,65,20
520,115,0,0,0.65,0.5,0.5,0.0386,0,112,256,247,0.0405,80,61,20
520,118,0,0,0.7,0.5,0.5,0.032,0,100,256,238,0.0336,68,51,20
520,84,0,0,0.75,0.5,0.5,0.0581,0,142,256,246,0.061,110,82,20
520,96,0,0,0.8,0.5,0.5,0.0449,0,117,256,233,0.0472,85,64,20
520,110,0,0,0.85,0.5,0.5,0.046,0,118,256,248,0.0484,86,70,20
520,100,0,0,0.9,0.5,0.5,0.0442,0,117,256,237,0.0464,85,65,20
520,100,0,0,0.95,0.5,0.5,0.044,0,118,256,238,0.0462,86,65,20
520,89,0,0,1,0.5,0.5,0.0556,0,131,256,240,0.0583,99,77,20
520,101,0.0357,0,0,0.5,0.5,0.0526,0,136,256,257,0.0545,104,79,20
500,53,0.1042,1,0,0.5,0.5,0.0667,0,119,256,192,0.0573,87,61,20
500,55,0.0851,1,0.05,0.5,0.5,0.0672,0,116,256,191,0.0628,84,65,20
500,71,0.0392,1,0.1,0.5,0.5,0.0547,0,114,256,205,0.0585,82,66,20
500,37,0.08,1,0.15,0.5,0.5,0.0837,0,144,256,201,0.0846,112,85,20
500,33,0.0638,1,0.2,0.5,0.5,0.0837,0,139,256,192,0.0885,107,83,20
500,26,0.1064,1,0.25,0.5,0.5,0.1008,0,145,256,191,0.0995,113,90,20
500,12,0.0962,1,0.3,0.5,0.5,0.1183,0,178,256,210,0.1238,146,114,20
500,31,0.1,1,0.35,0.5,0.5,0.1036,0,150,256,201,0.1045,118,98,20
500,26,0.0962,1,0.4,0.5,0.5,0.1,0,162,256,208,0.101,130,99,20
500,20,0.098,1,0.45,0.5,0.5,0.1137,0,164,256,204,0.1176,132,107,20
500,11,0.1064,1,0.5,0.5,0.5,0.1172,0,161,256,192,0.1198,129,102,20
500,60,0.0612,1,0.05,0.5,0.5,0.0571,0,116,256,196,0.0561,84,62,20
500,75,0.0769,1,0.05,0.5,0.5,0.0679,0,157,256,252,0.0675,125,90,20
500,69,0.0833,1,0.1,0.5,0.5,0.0605,0,147,256,236,0.0593,115,77,20
500,61,0.0769,1,0.15,0.5,0.5,0.0818,0,175,256,256,0.082,143,105,20
500,54,0.0833,1,0.2,0.5,0.5,0.0833,0,166,256,240,0.0833,134,100,20
500,31,0.0833,1,0.25,0.5,0.5,0.1102,0,191,256,242,0.1116,159,123,20
500,52,0.0833,1,0.3,0.5,0.5,0.0816,0,161,256,233,0.0815,129,95,20
500,38,0,1,0.35,0.5,0.5,0.0968,2,178,256,236,0.0932,146,106,20
500,20,0.0833,1,0.4,0.5,0.5,0.1215,0,195,256,235,0.1234,163,127,20
500,32,0.0833,1,0.45,0.5,0.5,0.1124,0,194,256,246,0.1138,162,126,20
500,84,0.04,1,0.05,0.5,0.5,0.0547,0,127,256,231,0.0563,95,73,20
500,71,0.0385,1,0.1,0.5,0.5,0.0649,0,145,256,236,0.0678,113,85,20
500,52,0.0435,1,0.15,0.5,0.5,0.0726,0,139,256,211,0.0758,107,82,20
500,47,0,1,0.2,0.5,0.5,0.0766,0,168,256,235,0.0851,136,99,20
500,13,0.0417,1,0.25,0.5,0.5,0.1116,0,185,256,218,0.1193,153,115,20
500,34,0.04,1,0.3,0.5,0.5,0.0969,0,179,256,233,0.103,147,112,20
500,13,0.0833,1,0.35,0.5,0.5,0.1235,0,186,256,219,0.1279,154,121,20
500,68,0.0278,1,0.05,0.5,0.5,0.0542,0,116,256,204,0.0588,84,66,20
500,14,0.027,1,0.1,0.5,0.5,0.0988,0,182,256,216,0.1111,150,109,20
500,42,0.0588,1,0.15,0.5,0.5,0.0736,0,135,256,197,0.0761,103,77,20
500,28,0.0556,1,0.2,0.5,0.5,0.0947,0,159,256,207,0.1014,127,99,20
500,35,0.0882,1,0.25,0.5,0.5,0.0858,0,144,256,199,0.0854,112,84,20
500,44,0.0769,1,0.3,0.5,0.5,0.0906,0,162,256,226,0.0929,130,101,20
500,20,0.1053,1,0.35,0.5,0.5,0.1098,0,177,256,217,0.1106,145,109,20
500,2,0.1026,1,0.4,0.5,0.5,0.1358,0,204,256,226,0.1416,172,133,20
500,13,0.0541,1,0.45,0.5,0.5,0.1084,0,179,256,212,0.1179,147,111,20
500,12,0.0833,1,0.5,0.5,0.5,0.1235,0,175,256,207,0.1304,143,116,20
500,33,0.0656,1,0.05,0.5,0.5,0.0769,0,133,256,186,0.0806,101,76,20
500,76,0.0484,1,0.1,0.5,0.5,0.06,4,92,256,188,0.0426,60,48,20
500,50,0.0909,1,0.15,0.5,0.5,0.0758,0,128,256,198,0.0707,96,73,20
500,23,0.0645,1,0.2,0.5,0.5,0.0847,0,143,256,186,0.0914,111,83,20
500,41,0.0938,1,0.25,0.5,0.5,0.0853,0,133,256,194,0.0825,101,80,20
500,24,0.0952,1,0.3,0.5,0.5,0.1063,0,147,256,191,0.1099,115,96,20
500,13,0.0806,1,0.35,0.5,0.5,0.1,0,155,256,188,0.1064,123,92,20
500,11,0.0984,1,0.4,0.5,0.5,0.1093,0,155,256,186,0.1129,123,95,20
500,1,0.0635,1,0.5,0.5,0.5,0.1098,0,171,256,192,0.125,139,105,20
500,25,0.0417,1,0.05,0.5,0.5,0.0702,0,125,256,170,0.0824,93,70,20
500,27,0.0704,1,0.01,0.5,0.5,0.0759,0,119,256,166,0.0783,87,66,20
500,57,0.0571,1,0.15,0.5,0.5,0.0468,0,88,256,165,0.0424,56,42,20
500,42,0.0897,1,0.2,0.5,0.5,0.0798,0,123,256,185,0.0757,91,72,20
500,26,0.1096,1,0.25,0.5,0.5,0.0902,0,125,256,171,0.0819,93,70,20
500,14,0.1053,1,0.3,0.5,0.5,0.1098,0,145,256,179,0.1117,113,91,20
500,19,0.1067,1,0.35,0.5,0.5,0.1,0,136,256,175,0.0971,104,81,20
500,22,0.1067,1,0.4,0.5,0.5,0.0992,0,135,256,177,0.096,103,81,20
500,4,0.1096,1,0.45,0.5,0.5,0.1143,0,148,256,172,0.1163,116,90,20
500,38,0.1,1,0.05,0.5,0.5,0.0772,0,111,256,169,0.0651,79,59,20
500,30,0.0549,1,0.1,0.5,0.5,0.0728,0,120,256,170,0.0824,88,70,20
500,17,0.0854,1,0.15,0.5,0.5,0.0847,0,117,256,154,0.0844,85,65,20
500,21,0.0879,1,0.2,0.5,0.5,0.0846,0,128,256,169,0.0828,96,70,20
500,24,0.1087,1,0.25,0.5,0.5,0.0985,0,128,256,172,0.093,96,77,20
500,5,0.1023,1,0.3,0.5,0.5,0.1102,0,141,256,166,0.1145,109,86,20
500,3,0.086,1,0.35,0.5,0.5,0.1053,0,150,256,173,0.1156,118,90,20
500,4,0.1,1,0.4,0.5,0.5,0.1004,0,123,256,149,0.1007,93,71,20
500,15,0.0941,1,0.5,0.5,0.5,0.0905,0,123,256,158,0.0886,91,69,20
510,78,0.04,1,0.1,0.5,0.5,0.0618,0,136,256,234,0.0641,104,81,20
510,42,0.0385,1,0.2,0.5,0.5,0.0909,0,176,256,238,0.0966,144,110,20
510,2,0.08,1,0.3,0.5,0.5,0.1378,0,207,256,229,0.1441,175,137,20
510,62,0,1,0.05,0.5,0.5,0.0651,0,153,256,235,0.0723,121,89,20
510,43,0.0833,1,0.15,0.5,0.5,0.0909,0,155,256,218,0.0917,123,97,20
510,59,0,1,0.1,0.5,0.5,0.0751,0,162,256,241,0.0788,130,96,20
510,35,0.0541,1,0.1,0.5,0.5,0.088,0,158,256,213,0.0939,126,96,20
510,73,0.075,1,0.1,0.5,0.5,0.0733,0,140,256,233,0.073,108,88,20
510,52,0.0909,1,0.1,0.5,0.5,0.0758,0,126,256,198,0.0707,94,73,20
510,48,0.0946,1,0.1,0.5,0.5,0.0648,0,105,256,173,0.052,73,52,20
510,38,0.0548,1,0.1,0.5,0.5,0.0691,0,115,256,173,0.0751,83,67,20
510,46,0.0645,1,0.1,0.5,0.5,0.0602,0,107,256,173,0.0578,75,56,20
510,2,0.0517,1,0.1,0.5,0.5,0.0775,0,120,256,142,0.0986,88,66,20
510,13,0.0577,1,0.1,0.5,0.5,0.0644,0,96,256,129,0.0698,64,48,20
510,21,0.0612,1,0.1,0.5,0.5,0.0732,0,107,256,148,0.0811,75,61,20
510,54,0.0391,1,0.1,0.5,0.5,0.0506,6,55,256,129,0.0155,23,15,20
510,9,0.0959,1,0.1,0.5,0.5,0.0861,0,92,256,121,0.0744,60,47,20
510,1,0.0765,1,0.1,0.5,0.5,0.0646,0,72,256,93,0.043,40,24,20
510,48,0.0408,1,0.1,0.5,0.5,0.0683,0,132,256,200,0.075,100,77,20
510,48,0.0625,1,0.05,0.5,0.5,0.0702,0,126,256,194,0.0722,94,73,20
510,48,0.0755,1,0.15,0.5,0.5,0.0827,0,145,256,213,0.0845,113,90,20
510,35,0.08,1,0.2,0.5,0.5,0.0949,0,148,256,203,0.0985,116,95,20
510,45,0.08,1,0.2,0.5,0.5,0.0833,0,137,256,202,0.0842,105,85,20
510,25,0.0385,1,0.2,0.5,0.5,0.0923,0,163,256,208,0.1058,131,102,20
510,45,0.06,1,0.2,0.5,0.5,0.0754,0,137,256,202,0.0792,105,81,20
510,46,0.0517,1,0.2,0.5,0.5,0.0862,0,166,256,232,0.0948,134,105,20
510,49,0.0755,1,0.2,0.5,0.5,0.083,0,143,256,212,0.0849,111,89,20
510,35,0.098,1,0.2,0.5,0.5,0.0969,0,152,256,207,0.0966,120,95,20
510,35,0.0769,1,0.2,0.5,0.5,0.0916,0,155,256,210,0.0952,123,96,20
510,24,0.125,1,0.2,0.5,0.5,0.0984,0,152,256,196,0.0918,120,87,20
510,64,0.0408,1,0.2,0.5,0.5,0.0607,0,114,256,198,0.0657,82,70,20
510,20,1176,1,0.2,0.5,0.5,0.1085,0,167,256,207,0.1063,135,102,20
510,21,0.1633,1,0.2,0.5,0.5,0.1124,0,159,256,200,0.1,127,94,20
510,5,0.1176,1,0.2,0.5,0.5,0.1274,0,183,256,208,0.1298,151,116,20
510,22,0.1132,1,0.2,0.5,0.5,0.1128,0,171,256,213,0.1127,139,109,20
510,32,0.1731,1,0.2,0.5,0.5,0.1027,0,159,256,211,0.0853,127,89,20
510,38,0.098,1,0.2,0.5,0.5,0.965,0,150,256,208,0.0962,118,95,20
510,18,0.1346,1,0.2,0.5,0.5,0.1107,0,172,256,210,0.1048,140,102,20
510,37,0.0962,1,0.2,0.5,0.5,0.0951,0,154,256,211,0.0948,122,96,20
510,32,0.1176,1,0.2,0.5,0.5,0.0965,0,156,256,208,0.0913,124,92,20
510,43,0.1273,1,0.2,0.5,0.5,0.0968,0,161,256,224,0.0893,129,98,20
510,25,0.1,1,0.2,0.5,0.5,0.1024,0,159,256,204,0.1029,127,98,20
510,8,0.1333,1,0.2,0.5,0.5,0.1053,0,155,256,183,0.0984,123,85,20
510,25,0.0816,1,0.2,0.5,0.5,0.1012,0,153,256,198,0.1061,121,97,20
510,35,0.1,1,0.2,0.5,0.5,0.0956,0,146,256,201,0.0945,114,91,20
510,46,0.12,1,0.2,0.5,0.5,0.0754,0,136,256,202,0.0644,104,70,20
510,38,0.06,1,0.2,0.5,0.5,0.0833,0,144,256,202,0.0891,112,88,20
510,38,0.1373,1,0.2,0.5,0.5,0.0927,0,150,256,208,0.0817,118,85,20
510,64,0.1224,1,0.2,0.5,0.5,0.0524,0,115,256,199,0.0352,83,44,20
510,55,0.102,1,0.2,0.5,0.5,0.0726,0,104,256,199,0.0653,92,70,20
510,19,0.06,1,0.2,0.5,0.5,0.096,0,161,256,200,0.105,129,97,20
510,25,0.1304,1,0.2,0.5,0.5,0.0905,0,141,256,186,0.0806,109,76,20
510,48,0.0588,1,0.2,0.5,0.5,0.0742,0,137,256,205,0.078,105,82,20
510,32,0.1304,1,0.2,0.5,0.5,0.0812,0,136,256,188,0.0691,104,69,20
510,31,0.1429,1,0.2,0.5,0.5,0.0976,0,146,256,197,0.0863,114,84,20
510,28,0.098,1,0.2,0.5,0.5,0.1081,0,160,256,208,0.1106,128,105,20
510,29,0.1731,1,0.2,0.5,0.5,0.1065,0,162,256,211,0.09,130,93,20
510,10,0.14,1,0.2,0.5,0.5,0.122,0,174,256,204,0.1176,142,107,20
510,46,0.0962,1,0.2,0.5,0.5,0.0871,0,146,256,212,0.0849,114,89,20
510,63,0.0769,1,0.2,0.5,0.5,0.069,0,126,256,209,0.067,94,75,20
510,22,0.1346,1,0.2,0.5,0.5,0.1111,0,167,256,209,0.1053,135,102,20
510,18,0.0638,1,0.2,0.5,0.5,0.0966,0,153,256,191,0.1047,121,93,20
510,41,0.0926,1,0.2,0.5,0.5,0.0959,0,156,256,217,0.0968,124,100,20
510,17,0.0385,1,0.2,0.5,0.5,0.1188,6,172,256,209,0.11,140,105,20
510,42,0.0893,1,0.2,0.5,0.5,0.0954,0,165,256,227,0.0969,133,105,20
510,35,0.0784,1,0.2,0.5,0.5,0.0965,0,153,256,208,0.101,121,99,20
510,10,0.102,1,0.2,0.5,0.5,0.1184,0,166,256,196,0.1224,134,106,20
510,29,0.0577,1,0.2,0.5,0.5,0.0916,0,161,256,210,0.1,129,99,20
510,38,0.0962,1,0.2,0.5,0.5,0.0962,0,150,256,208,0.0962,118,95,20
510,69,0.0385,1,0.2,0.5,0.5,0.0577,0,119,256,208,0.0625,87,71,20
510,30,0.1176,1,0.2,0.5,0.5,0.1004,0,158,256,208,0.0962,126,95,20
510,19,0.1176,1,0.2,0.5,0.5,0.1081,0,169,256,208,0.1058,137,102,20
510,6,0.0727,1,0.2,0.5,0.5,0.1219,0,198,256,224,0.1339,166,128,20
510,25,0.1132,1,0.2,0.5,0.5,0.1132,0,167,256,212,0.1132,135,109,20
510,28,0.0784,1,0.2,0.5,0.5,0.0965,0,160,256,208,0.101,128,99,20
510,36,0.1731,1,0.2,0.5,0.5,0.0989,0,155,256,211,0.0806,123,86,20
510,33,0,1,0.2,0.5,0.5,0.0754,2,149,256,202,0.0842,117,85,20
510,43,0.14,1,0.2,0.5,0.5,0.0827,0,141,256,204,0.0686,109,74,20
510,36,0.1346,1,0.2,0.5,0.5,0.0947,0,156,256,212,0.0849,124,89,20
510,40,0.08,1,0.2,0.5,0.5,0.084,0,140,256,200,0.085,108,84,20
510,33,0.06,1,0.2,0.5,0.5,0.0866,0,151,256,204,0.0931,119,92,20
510,34,0.1224,1,0.2,0.5,0.5,0.0894,0,143,256,197,0.0812,111,81,20
510,19,0.1458,1,0.2,0.5,0.5,0.1107,0,157,256,196,0.102,125,94,20
510,7,0.0833,1,0.2,0.5,0.5,0.1157,0,167,256,194,0.1237,135,105,20
510,53,0.0588,1,0.2,0.5,0.5,0.0706,0,131,256,204,0.0735,99,78,20
510,43,0.1064,1,0.2,0.5,0.5,0.0844,0,127,256,190,0.0789,95,76,20
510,14,0.0612,1,0.2,0.5,0.5,0.1016,0,163,256,197,0.1117,131,100,20
510,13,0.037,1,0.2,0.5,0.5,0.1037,0,183,256,216,0.1204,151,115,20
510,31,0.1373,1,0.2,0.5,0.5,0.1008,0,156,256,207,0.0918,124,92,20
510,50,0.0385,1,0.2,0.5,0.5,0.0954,6,140,256,210,0.081,108,86,20
510,29,0.0192,1,0.2,0.5,0.5,0.0795,0,163,256,212,0.0943,131,96,20
510,75,0.0588,1,0.2,0.5,0.5,0.0508,0,110,256,205,0.0488,78,58,20
510,9,0.1277,1,0.2,0.5,0.5,0.1213,0,163,256,192,0.1198,131,102,20
510,23,0.1042,1,0.2,0.5,0.5,0.1066,0,153,256,196,0.1071,121,97,20
510,12,0.1,1,0.2,0.5,0.5,0.1142,0,172,256,204,0.1176,140,107,20
510,34,0.0816,1,0.2,0.5,0.5,0.0891,0,144,256,198,0.0909,112,88,20
510,47,0.0943,1,0.2,0.5,0.5,0.0858,0,148,256,215,0.0837,116,90,20
510,31,0.14,1,0.2,0.5,0.5,0.0992,0,151,256,202,0.0891,119,88,20
510,67,0.1091,1,0.2,0.5,0.5,0.0655,0,133,256,220,0.0545,101,68,20
510,67,0.0909,1,0.2,0.5,0.5,0.0688,0,134,256,221,0.0633,102,76,20
510,43,0.0192,1,0.2,0.5,0.5,0.0682,0,149,256,212,0.0802,117,86,20
510,5,0.102,1,0.2,0.5,0.5,0.125,0,174,256,199,0.1307,142,112,20
510,33,0.1111,1,0.2,0.5,0.5,0.0959,0,164,256,217,0.0922,132,97,20
510,42,0.1176,1,0.2,0.5,0.5,0.0824,0,142,256,204,0.0735,110,78,20
510,10,0.18,1,0.2,0.5,0.5,0.1186,0,173,256,203,0.1034,141,98,20
510,13,0.1373,1,0.2,0.5,0.5,0.1167,0,173,256,206,0.1117,141,105,20
510,21,0.1887,1,0.2,0.5,0.5,0.1082,0,174,256,215,0.0884,142,93,20
510,33,0.0612,1,0.2,0.5,0.5,0.0813,0,144,256,197,0.0863,112,84,20
510,29,0.1111,1,0.2,0.5,0.5,0.1037,0,167,256,216,0.1019,135,103,20
510,22,0.04,1,0.2,0.5,0.5,0.0909,0,161,256,203,0.1034,129,98,20
510,13,0.0833,1,0.3,0.5,0.5,0.128,0,205,256,238,0.1303,173,133,20
510,35,0.1184,1,0.3,0.5,0.5,0.0898,0,125,256,180,0.0778,93,71,20
510,14,0.0625,1,0.05,0.5,0.5,0.0664,0,94,256,128,0.0703,62,47,20
510,7,0.0244,1,0.1,0.5,0.5,0.0526,0,97,256,124,0.0806,65,51,20
510,13,0.065,1,0.15,0.5,0.5,0.0648,0,91,256,124,0.0645,59,43,20
510,1,0.125,1,0.25,0.5,0.5,0.1094,0,107,256,128,0.0938,75,58,20
520,40,0.0385,1,0.1,0.5,0.5,0.0962,0,174,256,234,0.1026,142,112,20
520,44,0.0417,1,0.15,0.5,0.5,0.0884,0,161,256,225,0.0963,129,101,20
520,37,0.0417,1,0.2,0.5,0.5,0.0902,0,163,256,220,0.0955,131,100,20
520,61,0,1,0.25,0.5,0.5,0.0645,0,143,256,224,0.0714,111,84,20
520,18,0.0741,1,0.3,0.5,0.5,0.1259,0,205,256,243,0.1317,173,137,20
520,14,0,1,0.35,0.5,0.5,0.1024,2,195,256,229,0.1048,163,111,20
520,32,0.0769,1,0.4,0.5,0.5,0.1128,0,188,256,240,0.1167,156,125,20
520,15,0.08,1,0.45,0.5,0.5,0.1186,0,193,256,228,0.1228,161,156,20
520,76,0.08,1,0.5,0.5,0.5,0.065,0,137,256,233,0.0644,105,81,20
520,95,0.0741,1,0.55,0.5,0.5,0.0556,0,128,256,243,0.0535,96,74,20
520,65,0.0909,1,0,0.5,0.5,0.0727,0,135,256,220,0.0682,103,80,20
520,80,0.0385,1,0.05,0.5,0.5,0.0492,0,112,256,212,0.0519,80,63,20
520,47,0.0784,1,0.1,0.5,0.5,0.0778,0,139,256,206,0.0777,107,82,20
520,40,0.0588,1,0.15,0.5,0.5,0.0811,0,148,256,208,0.0865,116,89,20
520,27,0.0625,1,0.2,0.5,0.5,0.0625,0,149,256,196,0.0969,117,91,20
520,17,0.0588,1,0.25,0.5,0.5,0.1016,0,168,256,205,0.1122,136,104,20
520,29,0.0741,1,0.3,0.5,0.5,0.1,0,167,256,216,0.1065,135,106,20
520,22,0.8,1,0.35,0.5,0.5,0.1,0,158,256,200,0.105,126,97,20
520,8,0.098,1,0.4,0.5,0.5,0.1176,0,176,256,204,0.1225,144,110,20
520,17,0.1,1,0.45,0.5,0.5,0.1181,0,167,256,204,0.1225,135,110,20